trip_id,user_id,start_time,end_time,start_lat,start_lon,end_lat,end_lon,distance_miles,purpose,route_points
10000,A,2026-01-15T15:15:20,2026-01-15T15:34:14,33.9736004,-84.4701606,33.9180722,-84.492567,6.1715,driving,"[(33.9792491, -84.4616253), (33.9305633, -84.461401), (33.922877, -84.4917778), (33.9180722, -84.492567)]"
10001,A,2026-01-15T15:40:35,2026-01-15T15:50:23,33.9183179,-84.4925914,33.9493674,-84.5094786,3.0231,driving,"[(33.9183179, -84.4925914), (33.9182258, -84.4884918), (33.9203918, -84.4891298), (33.9222199, -84.4919995), (33.9258419, -84.4921486), (33.9307962, -84.4968193), (33.9384316, -84.5073653), (33.9484793, -84.5118922), (33.9493674, -84.5094786)]"
10002,A,2026-01-15T15:54:43,2026-01-15T18:53:11,33.973461,-84.4701277,33.973564,-84.4703295,0.269,driving,"[(33.9505818, -84.5091436), (33.973461, -84.4701277), (33.9771251, -84.4668102), (33.9645812, -84.5133376), (34.0117623, -84.5646266), (34.021457, -84.5686402)]"
10003,A,2026-01-15T21:43:17,2026-01-15T23:56:21,33.9734297,-84.4702656,33.9736184,-84.4702639,0.0421,driving,"[(34.0143475, -84.5677496), (34.0107471, -84.56628), (34.0081097, -84.5700014), (33.9650348, -84.525157), (33.9624883, -84.4978015), (33.9736529, -84.4807837), (33.9734297, -84.4702656), (33.9753306, -84.4683073), (33.9743026, -84.4784632), (33.9581323, -84.4994638), (33.9509805, -84.5204136), (33.9502484, -84.520467)]"
10004,A,2026-01-16T00:54:53,2026-01-16T01:22:32,33.9491408,-84.5208811,33.779527,-84.3893208,14.9335,driving,"[(33.9491408, -84.5208811), (33.9431962, -84.5165746), (33.9427325, -84.5192634), (33.9390746, -84.5133306), (33.9398128, -84.5090337), (33.9406689, -84.5068743), (33.9385094, -84.5020999), (33.8766724, -84.4501279), (33.8065312, -84.4156877), (33.8033032, -84.4000696)]"
10005,A,2026-01-16T05:03:07,2026-01-16T05:24:23,33.7793157,-84.3888418,33.9734114,-84.4701624,16.3856,driving,"[(33.7774443, -84.3887525), (33.7894807, -84.3888653), (33.9389462, -84.4994374), (33.9701505, -84.4880299), (33.9734114, -84.4701624)]"
10006,A,2026-01-16T20:43:09,2026-01-16T21:22:33,33.9734417,-84.47018,34.021418,-84.5684858,8.9208,driving,"[(33.9749941, -84.4683597), (33.9766811, -84.4674775), (33.9742919, -84.478818), (33.974148, -84.4853543), (33.9633748, -84.4940083), (33.962602, -84.5130878), (33.9625001, -84.5181385), (33.9897055, -84.5483592), (33.9962841, -84.5591674), (34.0100906, -84.566229), (34.0121335, -84.5653353)]"
10007,A,2026-01-17T00:57:25,2026-01-17T01:24:45,34.0216343,-84.5689136,33.9733793,-84.470272,8.2333,driving,"[(33.9912709, -84.5515389), (33.9750325, -84.5299188), (33.9716024, -84.529143), (33.9653322, -84.5238412), (33.9598198, -84.4980967), (33.9689453, -84.4886716)]"
10008,A,2026-01-18T19:43:58,2026-01-18T20:02:18,33.9735017,-84.4701474,34.0202518,-84.5677729,7.8268,driving,"[(33.9735017, -84.4701474), (33.9624631, -84.5135469), (34.0100903, -84.5662569), (34.012197, -84.5650623), (34.020245, -84.5677622), (34.0210209, -84.5686094)]"
10009,A,2026-01-18T23:06:11,2026-01-18T23:11:56,34.0217367,-84.5687106,34.0369449,-84.5691753,1.059,driving,"[(34.0217367, -84.5687106), (34.0369449, -84.5691753)]"
10010,A,2026-01-18T23:42:11,2026-01-18T23:47:53,34.0370692,-84.5691107,34.0215931,-84.5688523,1.0694,driving,"[(34.0370692, -84.5691107), (34.0215931, -84.5688523)]"
10011,A,2026-01-18T23:53:26,2026-01-19T00:07:27,34.0217767,-84.5684746,33.9736174,-84.470316,8.5897,driving,"[(33.9624972, -84.5213996), (33.9613377, -84.4946625), (33.9656479, -84.4915248), (33.9766301, -84.4679476), (33.9736174, -84.470316)]"
10012,A,2026-01-19T04:10:58,2026-01-19T04:35:54,33.9734317,-84.470174,33.7768528,-84.3885172,16.6179,driving,"[(33.9734317, -84.470174), (33.9740501, -84.4807367), (33.9720382, -84.4871954), (33.959176, -84.4985061), (33.8526387, -84.4300712), (33.836168, -84.4293674), (33.7896898, -84.3889478), (33.78171, -84.3915497), (33.7794556, -84.388747)]"
10013,A,2026-01-19T18:05:41,2026-01-19T18:21:25,33.7741591,-84.3888388,33.88414,-84.2675615,11.6325,driving,"[(33.7741591, -84.3888388), (33.7697347, -84.3887017), (33.7967819, -84.3924678), (33.8533137, -84.2980973), (33.88414, -84.2675615)]"
10014,A,2026-01-19T19:25:53,2026-01-19T19:42:09,33.883959,-84.2675911,33.9270589,-84.3519208,7.5012,driving,"[(33.883959, -84.2675911), (33.8795703, -84.2709934), (33.8851009, -84.2681333), (33.915836, -84.3530071), (33.9187401, -84.3512235), (33.9270589, -84.3519208), (33.9277863, -84.3527948)]"
10015,A,2026-01-19T21:18:20,2026-01-19T21:39:06,33.9280109,-84.3527004,33.9734579,-84.4702619,8.6085,driving,"[(33.9362764, -84.3661615), (33.9550204, -84.4120151), (33.9609907, -84.4116806), (33.9779239, -84.4183917), (33.9807264, -84.423933), (33.9734579, -84.4702619)]"
10016,A,2026-01-20T23:07:38,2026-01-20T23:47:43,33.9731697,-84.4702841,33.7741602,-84.3845946,17.5268,driving,"[(33.9731697, -84.4702841), (33.9744025, -84.4788153), (33.9436888, -84.5010103), (33.886746, -84.4610965), (33.8035502, -84.4114046), (33.8041093, -84.4091352), (33.8017898, -84.4074145), (33.8009735, -84.4005113), (33.78921, -84.3886804), (33.7826993, -84.3923834), (33.7804069, -84.3901279), (33.781705, -84.3933438), (33.7768512, -84.3931737)]"
10017,A,2026-01-21T02:37:34,2026-01-21T02:47:37,33.7741436,-84.3837794,33.781922,-84.4073254,1.6328,driving,"[(33.7741436, -84.3837794), (33.7747224, -84.3872768), (33.7796859, -84.3888295)]"
10018,A,2026-01-21T03:29:49,2026-01-21T03:59:22,33.781788,-84.4078008,33.9602882,-84.1391204,20.0875,driving,"[(33.781788, -84.4078008), (33.7858312, -84.4074995), (33.812743, -84.3673359), (33.8773847, -84.2751037), (33.952584, -84.1404313), (33.9602882, -84.1391204)]"
10019,A,2026-01-21T04:33:47,2026-01-21T05:20:30,33.9603033,-84.1391319,33.9734326,-84.4701715,35.5942,driving,"[(33.9603033, -84.1391319), (33.8461991, -84.3064258), (33.8248831, -84.3561427), (33.7886107, -84.3891312), (33.7805282, -84.3889857), (33.8586471, -84.4350777), (33.9309997, -84.4893502), (33.9627658, -84.4939643), (33.9751427, -84.4678497)]"
10020,A,2026-01-22T18:26:51,2026-01-22T19:02:15,33.9734983,-84.4702939,33.9098304,-84.2856579,15.1596,driving,"[(33.9734983, -84.4702939), (33.9782926, -84.4640754), (33.9779869, -84.4402518), (33.981698, -84.426646), (33.9785434, -84.419833), (33.9666531, -84.4122588), (33.9497354, -84.4117155), (33.9448299, -84.40576), (33.929689, -84.4115858), (33.9194997, -84.4066314), (33.9096983, -84.3659442), (33.9194395, -84.3051591), (33.9098978, -84.2882741), (33.9081902, -84.2901879), (33.9098304, -84.2856579)]"
10021,A,2026-01-22T19:40:29,2026-01-22T19:50:15,33.9095892,-84.2877794,33.8829813,-84.267801,2.9676,driving,"[(33.9008157, -84.2761629), (33.8861133, -84.2683676), (33.8806453, -84.2747603), (33.8829813, -84.267801)]"
10022,A,2026-01-22T22:45:51,2026-01-22T23:31:44,33.8830165,-84.2676691,33.967861,-84.4901687,19.3108,driving,"[(33.8830165, -84.2676691), (33.8782975, -84.2705884), (33.9096024, -84.2818998), (33.9212051, -84.3285549), (33.9112138, -84.3615461), (33.9134373, -84.3884968), (33.91698, -84.4189101), (33.9022662, -84.4410613), (33.9001333, -84.471776), (33.9447553, -84.4988748), (33.9553786, -84.497567)]"
10023,A,2026-01-22T23:40:49,2026-01-22T23:46:35,33.9695497,-84.4892904,33.973429,-84.4701747,1.3655,driving,"[(33.9695497, -84.4892904), (33.9747165, -84.4686665)]"
10024,A,2026-01-23T17:36:03,2026-01-23T18:17:37,33.9735983,-84.4701379,33.8830654,-84.2677309,19.0596,driving,"[(33.97512, -84.4679984), (33.9772193, -84.4672996), (33.9735196, -84.470231), (33.9752991, -84.4679076), (33.9778896, -84.4653477), (33.9793016, -84.46095), (33.9787238, -84.4422132), (33.9784263, -84.4358263), (33.9832059, -84.4276147), (33.9789064, -84.4214143), (33.9773745, -84.4165063), (33.9747131, -84.413376), (33.9494001, -84.4115708), (33.9411828, -84.4048285), (33.9300543, -84.4120487), (33.9280862, -84.4118071), (33.9244437, -84.4081476), (33.9205792, -84.4065998), (33.9178627, -84.4070879), (33.9146922, -84.4055331), (33.9034765, -84.2767309), (33.8959744, -84.2667219), (33.8856966, -84.2685355), (33.8796295, -84.2729521), (33.8781755, -84.2707927)]"
10025,A,2026-01-23T22:16:01,2026-01-23T22:34:25,33.8829405,-84.2677439,33.8467912,-84.2520193,3.9144,driving,"[(33.8822429, -84.2710377), (33.8717458, -84.2684738), (33.8713522, -84.2583801), (33.875477, -84.2552096), (33.872718, -84.2521289), (33.8467912, -84.2520193)]"
10026,A,2026-01-23T23:12:19,2026-01-23T23:27:24,33.8466956,-84.252208,33.8828979,-84.2677631,4.1225,driving,"[(33.8559178, -84.266084), (33.8551456, -84.2757952), (33.8659277, -84.2863227), (33.8828979, -84.2677631)]"
10027,A,2026-01-24T01:35:09,2026-01-24T02:05:47,33.8795024,-84.2714002,33.967577,-84.488391,19.0434,driving,"[(33.8795024, -84.2714002), (33.8994034, -84.2671204), (33.9189364, -84.3296794), (33.9091635, -84.3634785), (33.9162746, -84.4035732), (33.8931836, -84.4554975), (33.8939127, -84.4619784), (33.9001264, -84.4717776), (33.9676761, -84.490257)]"
10028,A,2026-01-24T02:27:03,2026-01-24T02:31:10,33.9676275,-84.4888481,33.9676275,-84.4888481,0.0,driving,"[(33.9676275, -84.4888481), (33.9676275, -84.4888481)]"
10029,A,2026-01-24T22:40:54,2026-01-24T22:44:09,33.9736676,-84.4704522,33.9683334,-84.4893297,1.2741,driving,"[(33.9736676, -84.4704522), (33.9735396, -84.48514), (33.9683334, -84.4893297)]"
10030,A,2026-01-24T22:51:28,2026-01-24T22:55:31,33.9683055,-84.4893509,33.9739714,-84.4700789,1.4455,driving,"[(33.9683055, -84.4893509), (33.9739714, -84.4700789)]"
10031,A,2026-01-26T20:17:49,2026-01-26T20:39:04,33.9734421,-84.4702259,34.0211751,-84.5682611,8.1637,driving,"[(33.9734421, -84.4702259), (33.9744302, -84.479483), (33.9716906, -84.4877667), (33.964639, -84.4929771), (33.9622215, -84.516175), (34.0095808, -84.5661682), (34.0115577, -84.5647936), (34.0211751, -84.5682611)]"
10032,A,2026-01-26T23:51:57,2026-01-27T00:05:13,34.0213398,-84.5684655,33.9999663,-84.5914777,2.3213,driving,"[(34.0213398, -84.5684655), (34.0081853, -84.5699708), (34.001598, -84.5826476), (34.0013732, -84.5898561), (33.9999663, -84.5914777)]"
10033,A,2026-01-27T00:56:38,2026-01-27T00:57:49,33.999493,-84.5914937,34.0214261,-84.5682722,2.0163,driving,"[(33.999493, -84.5914937), (34.0214261, -84.5682722)]"
10034,A,2026-01-27T02:55:06,2026-01-27T07:01:34,33.9734157,-84.4702548,33.9734018,-84.4701655,0.0673,driving,"[(34.0119758, -84.5652451), (33.965025, -84.5250278), (33.9713335, -84.4875117), (33.9736567, -84.470329), (33.9734376, -84.4701894), (33.9734376, -84.4701894), (33.9734157, -84.4702548), (33.9734157, -84.4702548), (33.9734157, -84.4702548), (33.9734157, -84.4702548), (33.9734157, -84.4702548), (33.9734157, -84.4702548), (33.9735477, -84.4704024), (33.9735477, -84.4704024), (33.9735044, -84.4700847), (33.9735044, -84.4700847), (33.9735044, -84.4700847), (33.9761783, -84.4676122), (33.9506839, -84.5170607)]"
10035,A,2026-01-27T07:15:07,2026-01-27T07:47:01,33.9510672,-84.5218302,33.9700362,-84.4646824,3.5275,driving,"[(33.9700362, -84.4646824), (33.9734695, -84.4702145)]"
10036,A,2026-01-27T19:13:40,2026-01-27T19:17:37,33.9734754,-84.470164,33.9748977,-84.4787863,0.717,driving,"[(33.9734754, -84.470164), (33.9748977, -84.4787863)]"
10037,A,2026-01-27T20:02:24,2026-01-27T23:54:52,33.973553,-84.4701283,33.9733374,-84.4702911,0.0717,driving,"[(33.973553, -84.4701283), (34.0181848, -84.5682712)]"
10038,A,2026-01-28T01:22:32,2026-01-28T01:29:22,34.0215791,-84.5687211,34.036512,-84.5448971,1.7231,driving,"[(34.0215791, -84.5687211), (34.0235513, -84.5672967), (34.036512, -84.5448971)]"
10039,A,2026-01-28T21:10:05,2026-01-28T22:04:32,33.9750101,-84.4792995,33.9744039,-84.4792219,0.0421,driving,"[(33.9750101, -84.4792995), (33.7750053, -84.385894)]"
10040,A,2026-01-29T01:03:07,2026-01-29T01:22:06,33.7740272,-84.3841502,33.7737062,-84.4043449,2.3904,driving,"[(33.7770636, -84.3872221), (33.7820466, -84.3877854), (33.7818884, -84.4072626), (33.7760669, -84.4070206), (33.7737062, -84.4043449)]"
10041,A,2026-01-29T02:07:54,2026-01-29T02:35:27,33.7736542,-84.404318,33.9734318,-84.4702131,16.1223,driving,"[(33.7736542, -84.404318), (33.7772129, -84.4079653), (33.7905466, -84.4076802), (33.8735409, -84.4456176), (33.9307715, -84.4888583), (33.9628916, -84.4940706), (33.9747626, -84.4687268), (33.9734318, -84.4702131)]"
10042,A,2026-01-30T01:18:55,2026-01-30T02:16:54,33.987325,-84.4725022,33.960355,-84.1390159,21.6945,driving,"[(33.9734866, -84.4702024), (33.988273, -84.4724016), (34.0101378, -84.3802219), (34.0142169, -84.3663846), (34.008437, -84.342596), (34.010862, -84.3293164), (34.0241437, -84.3120155), (34.0252564, -84.3002883), (34.0171869, -84.1913711), (34.0039588, -84.1724913), (33.9663156, -84.1422764)]"
10043,A,2026-01-30T03:56:43,2026-01-30T04:22:49,33.9602887,-84.1391867,33.7805675,-84.3897358,19.4111,driving,"[(33.9602887, -84.1391867), (33.9587655, -84.1409175), (33.9544317, -84.1412969), (33.9050769, -84.2372645), (33.8409596, -84.315103), (33.8253077, -84.3534398)]"
10044,A,2026-01-30T04:30:11,2026-01-30T04:58:04,33.780528,-84.3898847,33.9734201,-84.4701771,17.8703,driving,"[(33.7897001, -84.3890037), (33.8027587, -84.40464), (33.8796542, -84.4517559), (33.9334462, -84.4940049), (33.963444, -84.4936375), (33.9877637, -84.4724241), (33.9797261, -84.4626323), (33.9734201, -84.4701771)]"
10045,A,2026-01-30T20:43:02,2026-01-30T21:49:57,33.9734249,-84.4701732,33.884612,-84.2675477,17.547,driving,"[(33.978024, -84.46558), (33.9795408, -84.4484803), (33.9781693, -84.4437834), (33.978633, -84.4351432), (33.9823167, -84.4285415), (33.9746095, -84.4146837), (33.9366192, -84.4063887), (33.9168135, -84.4092233), (33.9092069, -84.3631266), (33.9192272, -84.3373082), (33.9155534, -84.3404481), (33.913071, -84.3394557), (33.9192203, -84.3373059), (33.9181808, -84.3344288), (33.9214455, -84.3283477), (33.9178889, -84.2890641), (33.8986799, -84.2692067)]"
10046,A,2026-01-31T03:11:30,2026-01-31T03:41:48,33.8840895,-84.2676903,33.9734622,-84.4701516,19.6995,driving,"[(33.8836153, -84.2676693), (33.8781473, -84.2706942), (33.9212156, -84.3133149), (33.9093756, -84.3688086), (33.9117058, -84.3843922), (33.9020008, -84.4396546), (33.9108745, -84.4798096), (33.9500249, -84.4992682), (33.9749809, -84.4681148)]"
10047,A,2026-01-31T22:02:48,2026-01-31T22:12:01,33.9734152,-84.4702024,33.9486477,-84.5205861,3.5846,driving,"[(33.9734152, -84.4702024), (33.9744885, -84.4806778), (33.9503898, -84.5206593), (33.9486477, -84.5205861)]"
10048,A,2026-01-31T22:49:43,2026-01-31T22:57:25,33.9488171,-84.5199755,33.9679043,-84.4886397,2.2607,driving,"[(33.9489151, -84.5210475), (33.95797, -84.4994114), (33.9679043, -84.4886397)]"
10049,A,2026-01-31T23:03:14,2026-01-31T23:09:23,33.9679554,-84.4902319,33.9734046,-84.4702289,1.2064,driving,"[(33.9679554, -84.4902319), (33.9734046, -84.4702289)]"
10050,A,2026-02-01T19:50:33,2026-02-01T20:08:07,33.9732406,-84.4705568,34.0218578,-84.5684488,7.8224,driving,"[(33.9732406, -84.4705568), (33.9740737, -84.4806439), (33.9643111, -84.5132515), (33.9720785, -84.5285982), (34.0102606, -84.5663822), (34.0218578, -84.5684488)]"
10051,A,2026-02-01T23:09:35,2026-02-01T23:45:38,34.0207223,-84.567606,33.973442,-84.4701952,8.6746,driving,"[(34.021704, -84.5683724), (34.0111006, -84.5655785), (34.0080197, -84.5700669), (34.007083, -84.5680402), (33.959768, -84.4991127), (33.9741948, -84.4802109), (33.9751109, -84.4679226), (33.9734532, -84.4701481), (33.9767721, -84.4680726), (33.9744357, -84.4779171)]"
10052,A,2026-02-02T02:01:09,2026-02-02T02:10:15,33.9672582,-84.4889675,33.973503,-84.4702737,1.1548,driving,"[(33.9672582, -84.4889675), (33.973503, -84.4702737)]"
10053,A,2026-02-03T20:52:47,2026-02-03T21:18:27,33.9734413,-84.4701933,34.021437,-84.5686139,8.7875,driving,"[(33.9734413, -84.4701933), (33.9770941, -84.4677588), (33.9690426, -84.4892327), (33.9612485, -84.495467), (33.9654632, -84.5242082), (34.0049395, -84.5671976), (34.021437, -84.5686139)]"
10054,A,2026-02-04T00:05:45,2026-02-04T00:14:43,34.0214252,-84.5684458,34.0389705,-84.5303118,2.7132,driving,"[(34.0214252, -84.5684458), (34.0350828, -84.5552418), (34.0336394, -84.5512829)]"
10055,A,2026-02-04T00:26:26,2026-02-04T00:36:23,34.0366378,-84.5460902,34.0369939,-84.5449586,0.0693,driving,"[(34.0354221, -84.5323487), (34.0366378, -84.5460902), (34.0369939, -84.5449586)]"
10056,A,2026-02-04T03:39:48,2026-02-04T03:58:33,34.0368791,-84.5449715,33.9737252,-84.4704726,6.6503,driving,"[(34.0368791, -84.5449715), (34.024403, -84.5287475), (34.0130144, -84.4956325), (33.9741129, -84.4786666)]"
10057,A,2026-02-04T15:43:31,2026-02-04T19:05:31,33.9180875,-84.4926135,33.9181907,-84.4926818,8.1935,driving,"[(33.9734211, -84.4702096), (33.9770403, -84.4681055), (33.9181773, -84.4926952), (33.9735274, -84.4701421)]"
10058,A,2026-02-04T19:11:26,2026-02-04T19:46:13,33.9233705,-84.4906156,33.7736943,-84.3840657,12.5662,driving,"[(33.9233705, -84.4906156), (33.9144303, -84.4808253), (33.9104013, -84.4794835), (33.8262308, -84.4244832), (33.8098136, -84.418187), (33.7926985, -84.3935829), (33.7863405, -84.390975), (33.7865618, -84.3853226), (33.7834256, -84.3846748), (33.7736943, -84.3840657)]"
10059,A,2026-02-04T19:47:57,2026-02-04T20:21:15,33.7736593,-84.3833524,33.9734318,-84.4701837,16.48,driving,"[(33.7736593, -84.3833524), (33.7784259, -84.3842803), (33.8015016, -84.4197285), (33.9120419, -84.4807524), (33.9648877, -84.4928258), (33.967023, -84.4903714), (33.9734318, -84.4701837)]"
10060,A,2026-02-05T18:30:02,2026-02-05T19:10:33,33.9734128,-84.4701724,33.9064083,-84.2693438,18.6412,driving,"[(33.9556194, -84.4121124), (33.9474198, -84.4095568), (33.9283434, -84.4119404), (33.9138183, -84.3973433), (33.9186089, -84.2956027), (33.9338225, -84.2564921), (33.9183398, -84.2833445), (33.9156332, -84.2870926), (33.9127324, -84.2865923), (33.9060896, -84.2793766)]"
10061,A,2026-02-05T20:13:45,2026-02-05T20:59:19,33.9065372,-84.2692891,33.7730564,-84.3832807,13.4343,driving,"[(33.9065372, -84.2692891), (33.899961, -84.2683007), (33.9043094, -84.273247), (33.8986573, -84.2691718), (33.8767583, -84.2755034), (33.834091, -84.3278322), (33.8251399, -84.3558042), (33.8087378, -84.3750321), (33.7838392, -84.39016), (33.7816517, -84.3901983), (33.7798934, -84.3842264), (33.7730564, -84.3832807)]"
10062,A,2026-02-06T00:29:11,2026-02-06T00:45:37,33.7740475,-84.3838579,33.7815597,-84.3895128,0.7401,driving,"[(33.7742795, -84.3872221), (33.7803153, -84.3878814)]"
10063,A,2026-02-06T02:01:02,2026-02-06T02:30:25,33.781737,-84.388183,33.7751813,-84.3881812,0.5849,driving,"[(33.7743164, -84.388841), (33.9503034, -84.4981043), (33.9740238, -84.4765228), (33.9734139, -84.4701994)]"
10064,A,2026-02-07T00:08:25,2026-02-07T00:44:14,33.973433,-84.4702147,34.0268793,-84.3342682,11.2718,driving,"[(33.9793156, -84.4618275), (33.9829381, -84.4622749), (33.987462, -84.4540528), (33.9925342, -84.4502806), (33.9938083, -84.4422878), (34.0147068, -84.4304557), (34.0242592, -84.4250969), (34.0296185, -84.4320625), (34.0254324, -84.431877), (34.0275836, -84.3895813), (34.0262465, -84.3853452), (34.0272848, -84.3810044), (34.0230824, -84.3622706), (34.0268793, -84.3342682)]"
10065,A,2026-02-07T00:54:00,2026-02-07T01:26:59,34.026844,-84.3343856,34.0201431,-84.1364549,11.7241,driving,"[(34.026844, -84.3343856), (34.0198106, -84.2792992), (34.0237068, -84.2514019), (34.0174755, -84.2413032), (34.013751, -84.2238868), (34.0105815, -84.2180882), (34.0191511, -84.1601825), (34.0201431, -84.1364549)]"
10066,A,2026-02-07T06:01:09,2026-02-07T06:59:47,34.0213813,-84.1360715,33.9735167,-84.4703822,22.5961,driving,"[(34.0201227, -84.1368959), (34.0225931, -84.1375511), (34.0229341, -84.1563867), (34.0062308, -84.1716736), (34.0157452, -84.1901334), (34.0219248, -84.2872246), (34.0270771, -84.3339357), (34.0279088, -84.3365144), (34.0254925, -84.3839534), (34.0290874, -84.4369291), (33.9776304, -84.4673009)]"
10067,A,2026-02-07T19:54:15,2026-02-07T20:52:46,33.9734193,-84.4702012,33.8833112,-84.2674859,17.3852,driving,"[(33.9766931, -84.4679834), (33.9745394, -84.4805828), (33.9660449, -84.4913401), (33.9690895, -84.4888548), (33.9740537, -84.4778634), (33.9734195, -84.470185), (33.977051, -84.4681775), (33.9798318, -84.4530722), (33.977892, -84.4415085), (33.9757614, -84.4377804), (33.9832032, -84.4276342), (33.9704226, -84.4127662), (33.9302427, -84.4111161), (33.9171098, -84.4067018), (33.9158444, -84.3409845), (33.9195384, -84.3128591), (33.8806944, -84.2748162), (33.8783753, -84.2712005), (33.8804419, -84.2695777)]"
10068,A,2026-02-08T00:37:00,2026-02-08T00:48:06,33.8831427,-84.2676069,33.8944257,-84.2828711,2.1328,driving,"[(33.8831427, -84.2676069), (33.8783553, -84.2718861), (33.8858601, -84.2878354), (33.8888478, -84.2863466), (33.8944257, -84.2828711)]"
10069,A,2026-02-08T02:04:12,2026-02-08T02:33:44,33.8935305,-84.2830644,33.9734465,-84.4701425,15.9176,driving,"[(33.8966485, -84.2823211), (33.8999807, -84.277136), (33.8967416, -84.4495922)]"
10070,A,2026-02-08T19:48:09,2026-02-08T20:30:35,33.9734329,-84.4701925,33.782982,-84.3891506,16.0256,driving,"[(33.9767873, -84.4680011), (33.9742964, -84.4778699), (33.9408182, -84.494851), (33.9257491, -84.4883996), (33.9193692, -84.4814082), (33.9001568, -84.4718501), (33.8051593, -84.4147757), (33.7863989, -84.3893372)]"
10071,A,2026-02-08T20:36:18,2026-02-08T20:52:33,33.7822306,-84.3891577,33.8026263,-84.4138196,2.5865,driving,"[(33.7795931, -84.3895536), (33.7845277, -84.4060188), (33.8001812, -84.413687)]"
10072,A,2026-02-08T22:58:00,2026-02-08T23:03:17,33.8025558,-84.4127062,33.8025558,-84.4127062,0.0,driving,"[(33.8025558, -84.4127062), (33.7794269, -84.3895558)]"
10073,A,2026-02-09T21:58:46,2026-02-09T22:13:46,33.9733404,-84.4701697,33.9716,-84.4537469,3.1658,driving,"[(33.9733404, -84.4701697), (33.9791112, -84.4614186), (33.9770268, -84.4681092), (33.9734565, -84.4701871), (33.9746285, -84.4622643), (33.968117, -84.4626335), (33.9728356, -84.4509159)]"
10074,A,2026-02-10T00:37:27,2026-02-10T00:47:25,33.9718375,-84.4535783,33.924505,-84.4694226,3.599,driving,"[(33.9536326, -84.4647931), (33.9486295, -84.4618072), (33.9356866, -84.4611815), (33.924505, -84.4694226)]"
10075,A,2026-02-10T01:02:02,2026-02-10T01:05:52,33.9237451,-84.4699493,33.9216886,-84.4682067,0.1737,driving,"[(33.9237451, -84.4699493), (33.9216886, -84.4682067)]"
10076,A,2026-02-10T02:25:10,2026-02-10T02:30:39,33.9214541,-84.4681669,33.9734304,-84.4701748,3.8143,driving,"[(33.9740733, -84.477761), (33.9748519, -84.4688352)]"
10077,A,2026-02-10T15:45:48,2026-02-10T16:26:21,33.9733807,-84.4702172,33.7690241,-84.3941189,16.8009,driving,"[(33.9733807, -84.4702172), (33.9464686, -84.4990008), (33.9010475, -84.4758335), (33.8085229, -84.4171122), (33.7868226, -84.391999), (33.7810881, -84.3891196), (33.7759618, -84.3890968), (33.7690241, -84.3941189)]"
10078,A,2026-02-10T16:33:28,2026-02-10T17:59:44,33.7688142,-84.3939676,32.8139559,-83.6578756,84.564,driving,"[(33.7675775, -84.3852515), (33.6147386, -84.4023283), (33.5934236, -84.385649), (33.5242972, -84.2528665), (33.5115907, -84.2356689), (33.4375729, -84.1914783), (33.2614754, -84.0958405), (33.141516, -84.0314469), (33.0736307, -83.9745915), (33.0065418, -83.8706325), (32.8804908, -83.6669595), (32.8417194, -83.6455032), (32.8139559, -83.6578756)]"
10079,A,2026-02-10T18:25:18,2026-02-10T18:33:31,32.8191844,-83.6626299,32.8363012,-83.6329028,2.2181,driving,"[(32.8249664, -83.6429003), (32.8340292, -83.6330604)]"
10080,A,2026-02-10T21:00:30,2026-02-10T21:18:24,32.8365146,-83.6328278,32.8967315,-83.689671,5.5503,driving,"[(32.8365146, -83.6328278), (32.8431042, -83.6306839), (32.8859602, -83.6738764), (32.8973812, -83.6914694)]"
10081,A,2026-02-10T21:56:50,2026-02-10T22:05:10,32.897587,-83.691124,32.9165479,-83.7325179,3.0854,driving,"[(32.897587, -83.691124), (32.9202673, -83.7313554), (32.9165479, -83.7325179)]"
10082,A,2026-02-10T23:16:02,2026-02-11T00:37:18,32.9166692,-83.7326283,33.7689343,-84.3945619,75.584,driving,"[(32.9316983, -83.7263888), (32.9791485, -83.8342098), (33.0086827, -83.8501182), (33.0562017, -83.9547457), (33.1433775, -84.0337596), (33.3870892, -84.1451965), (33.4894366, -84.2181637), (33.5709122, -84.3356348), (33.5826399, -84.3670174), (33.7094916, -84.4025537), (33.7699025, -84.3887719), (33.7689343, -84.3945619)]"
10083,A,2026-02-11T00:42:00,2026-02-11T01:05:21,33.7688195,-84.3929127,33.973478,-84.4700775,16.8598,driving,"[(33.7688195, -84.3929127), (33.7713126, -84.3925541), (33.8244402, -84.4269497), (33.849, -84.4292716), (33.9388283, -84.4986207), (33.9624275, -84.4947656), (33.9753062, -84.4792747), (33.973478, -84.4700775)]"
10084,A,2026-02-12T23:34:26,2026-02-12T23:55:19,33.9734281,-84.4701707,34.0039892,-84.5691457,8.0807,driving,"[(33.970458, -84.5058253), (33.9655261, -84.5154245), (33.9718256, -84.5326928), (33.9695262, -84.5386217), (33.9926343, -84.5805402), (34.0039892, -84.5691457), (34.0047452, -84.5704862)]"
10085,A,2026-02-13T00:48:36,2026-02-13T00:53:37,34.0051662,-84.5696116,34.036721,-84.5449646,2.5972,driving,"[(34.0051662, -84.5696116), (34.036721, -84.5449646)]"
10086,A,2026-02-13T20:41:21,2026-02-13T21:37:20,33.9734338,-84.4702387,33.8832401,-84.2673334,17.096,driving,"[(33.9835397, -84.4631763), (33.9864021, -84.4724291), (33.9854798, -84.4688381), (33.9804833, -84.4614023), (33.9788781, -84.4604184), (33.9456465, -84.4067983), (33.9162167, -84.3432906), (33.9158966, -84.3408946), (33.9184588, -84.2950278), (33.8992785, -84.2701961), (33.8878574, -84.2666192), (33.8788698, -84.273875), (33.8832401, -84.2673334)]"
10087,A,2026-02-14T01:55:58,2026-02-14T02:06:30,33.8833504,-84.2671946,33.8466016,-84.249955,3.9801,driving,"[(33.8833504, -84.2671946), (33.8809223, -84.2696234), (33.8772177, -84.2680428), (33.875259, -84.2544534), (33.8728314, -84.2515442), (33.8661978, -84.2508708), (33.859414, -84.2531734), (33.8546374, -84.2593687), (33.8522733, -84.2554308), (33.8513172, -84.2492696), (33.8466016, -84.249955)]"
10088,A,2026-02-14T02:39:53,2026-02-14T03:06:22,33.8465134,-84.2528014,33.9734596,-84.4701762,22.1254,driving,"[(33.8465134, -84.2528014), (33.845602, -84.2550811), (33.8458004, -84.2493343), (33.8731888, -84.2488978), (33.8985989, -84.2659683), (33.9096025, -84.2821673), (33.9077965, -84.4758328), (33.9443819, -84.4995726), (33.9607606, -84.495158), (33.9753527, -84.4679616), (33.9734596, -84.4701762)]"
10089,A,2026-02-14T21:12:00,2026-02-14T21:30:37,33.9735012,-84.4702504,34.0209998,-84.5684585,8.2838,driving,"[(33.9735012, -84.4702504), (33.9769818, -84.4681195), (33.9623222, -84.5151855), (34.012094, -84.5646691)]"
10090,A,2026-02-15T20:53:19,2026-02-15T21:06:17,33.9734444,-84.4701896,33.9797398,-84.4623146,2.4385,driving,"[(33.977447, -84.4669283), (33.9796012, -84.4624492), (33.9857506, -84.467731), (33.9862329, -84.4723923), (33.9811476, -84.4618975), (33.9797398, -84.4623146)]"
10091,A,2026-02-15T21:15:28,2026-02-15T21:59:40,33.9795996,-84.4620258,34.0216794,-84.1358121,25.8917,driving,"[(33.9818796, -84.4301706), (33.977772, -84.4164658), (33.9149867, -84.4072534), (33.9185864, -84.2961747), (33.9628524, -84.2060105), (33.9836155, -84.1709194), (34.0193275, -84.1601579)]"
10092,A,2026-02-16T01:01:14,2026-02-16T01:06:58,34.0214032,-84.1361664,34.0088208,-84.129673,0.9456,driving,"[(34.0214032, -84.1361664), (34.0088208, -84.129673)]"
10093,A,2026-02-16T20:50:04,2026-02-16T21:10:29,33.9734891,-84.4701446,34.0217838,-84.5685601,7.991,driving,"[(33.9740872, -84.4806314), (33.9624482, -84.5134738), (34.010104, -84.5663113), (34.0119894, -84.5651729), (34.0217838, -84.5685601)]"
10094,A,2026-02-17T00:01:35,2026-02-17T00:22:01,34.0218617,-84.5684761,33.949113,-84.5197852,6.1971,driving,"[(34.0218617, -84.5684761), (34.0082994, -84.567585), (33.9619487, -84.5233085), (33.9599391, -84.5278011), (33.949113, -84.5197852), (33.9487341, -84.5215718)]"
10095,A,2026-02-17T01:02:31,2026-02-17T01:10:08,33.9486082,-84.5214753,33.946415,-84.5206383,0.1589,driving,"[(33.9486082, -84.5214753), (33.946415, -84.5206383)]"
10096,A,2026-02-17T01:25:02,2026-02-17T01:39:28,33.9470741,-84.5218036,33.9734084,-84.4702041,4.0405,driving,"[(33.9492216, -84.5208378), (33.9524338, -84.5061072), (33.9690063, -84.4891807), (33.9734084, -84.4702041)]"
10097,A,2026-02-17T23:41:21,2026-02-17T23:51:16,33.9738462,-84.4699928,33.9498183,-84.4935218,3.1963,driving,"[(33.9752013, -84.4678563), (33.9742659, -84.4807693), (33.9696013, -84.4890095), (33.9521005, -84.4976061), (33.9498183, -84.4935218), (33.9503807, -84.4919674)]"
10098,A,2026-02-18T02:21:12,2026-02-18T02:30:18,33.9502427,-84.492184,33.9733949,-84.4701898,2.9534,driving,"[(33.96166, -84.4955324), (33.9706676, -84.4893352), (33.9753747, -84.4683699), (33.9733949, -84.4701898)]"
10099,A,2026-02-18T20:03:21,2026-02-18T20:52:56,33.9734344,-84.4702535,33.7742832,-84.3832385,18.2639,driving,"[(33.9768275, -84.4680813), (33.9745619, -84.4757104), (33.9719577, -84.4872288), (33.9396905, -84.5037239), (33.9295022, -84.4894183), (33.8467619, -84.4306021), (33.8071179, -84.4165361), (33.7975656, -84.3930667), (33.7842175, -84.3919026), (33.7819498, -84.3916163), (33.781622, -84.384116), (33.7761801, -84.3845079), (33.7742832, -84.3832385)]"
10100,A,2026-02-19T00:58:18,2026-02-19T01:12:01,33.7738284,-84.3830166,33.7735521,-84.4045506,2.4983,driving,"[(33.7737808, -84.3874472), (33.7796463, -84.387278), (33.7817992, -84.4072529), (33.7774944, -84.4072825), (33.7735521, -84.4045506)]"
10101,A,2026-02-19T02:09:28,2026-02-19T02:18:30,33.7735582,-84.4042371,33.7798067,-84.3889247,1.7041,driving,"[(33.7805152, -84.4073435), (33.7815145, -84.3927322), (33.7814545, -84.3903794)]"
10102,A,2026-02-19T02:24:52,2026-02-19T02:46:23,33.7792411,-84.3891927,33.9740184,-84.4698711,16.3145,driving,"[(33.7792411, -84.3891927), (33.7922354, -84.3918201), (33.8023775, -84.4055173), (33.8365927, -84.4287922), (33.8580922, -84.4334042), (33.94512, -84.4987466), (33.9585153, -84.4972487), (33.9672827, -84.4906095), (33.9754444, -84.4714285), (33.9740184, -84.4698711)]"
10103,A,2026-02-19T13:23:44,2026-02-19T13:28:31,33.9734414,-84.4701454,33.9670108,-84.4918718,1.8951,driving,"[(33.9734414, -84.4701454), (33.9751164, -84.4680189), (33.9735679, -84.4854395)]"
10104,A,2026-02-19T13:37:46,2026-02-19T13:42:35,33.9683254,-84.4898466,33.9735532,-84.4701519,1.6369,driving,"[(33.9659269, -84.4918195), (33.973935, -84.4832428), (33.9759082, -84.4679397)]"
10105,A,2026-02-20T15:41:12,2026-02-20T15:43:44,33.9734008,-84.4701642,33.9747707,-84.4787147,0.8794,driving,"[(33.9734008, -84.4701642), (33.9747707, -84.4787147)]"
10106,A,2026-02-20T16:18:07,2026-02-20T16:24:05,33.9759023,-84.4786126,33.9740732,-84.4698242,0.5266,driving,"[(33.9751841, -84.4722642), (33.9740732, -84.4698242)]"
10107,A,2026-02-20T16:24:05,2026-02-20T21:04:32,33.9740732,-84.4698242,33.9734245,-84.4701663,0.385,driving,"[(33.9800091, -84.4452099), (33.97813, -84.4411783), (34.0111783, -84.3748347), (34.0039843, -84.3556112), (33.9997247, -84.3537119), (34.0235474, -84.3057133), (34.0198231, -84.2793202), (34.0160365, -84.1895012), (34.0112391, -84.1934366), (34.0164935, -84.190957), (34.0050986, -84.1708269), (34.0190196, -84.1605218), (34.023895, -84.1377241)]"
10108,A,2026-02-21T02:27:57,2026-02-21T02:48:38,33.9609855,-84.1360015,33.9609074,-84.1339665,0.1218,driving,"[(34.0215204, -84.1357784), (33.9799712, -84.1578582), (33.9608522, -84.1359025)]"
10109,A,2026-02-21T03:15:55,2026-02-21T03:34:16,33.9617799,-84.1348151,33.9603507,-84.1346882,0.099,driving,"[(33.9617799, -84.1348151), (34.0213634, -84.1361594)]"
10110,A,2026-02-21T06:11:08,2026-02-21T06:50:19,34.0212929,-84.1360157,33.9733795,-84.4701594,26.5644,driving,"[(34.0050483, -84.1708485), (33.9270236, -84.275041), (33.9090684, -84.3688267), (33.9120272, -84.4804245), (33.9733795, -84.4701594)]"
10111,A,2026-02-21T17:47:22,2026-02-21T18:01:36,33.9734117,-84.470168,34.0215364,-84.5687582,7.8805,driving,"[(33.9627161, -84.5179238), (34.0120573, -84.5648577)]"
10112,A,2026-02-21T20:30:48,2026-02-21T20:36:51,34.0217113,-84.5686228,33.9999354,-84.5914358,1.9927,driving,"[(34.0217113, -84.5686228), (33.9999354, -84.5914358)]"
10113,A,2026-02-21T21:25:49,2026-02-21T21:55:01,33.9994264,-84.5912314,33.9734263,-84.4701839,11.2061,driving,"[(33.9994264, -84.5912314), (34.0244781, -84.5677448), (34.0211225, -84.5684101), (34.0120885, -84.5654803), (34.00935, -84.5686486), (34.0062435, -84.5671879), (33.9616223, -84.521026), (33.9634083, -84.4939816), (33.9740206, -84.4785897), (33.9756295, -84.4679172), (33.9734263, -84.4701839)]"
10114,A,2026-02-22T21:26:37,2026-02-22T21:27:49,33.9734339,-84.4701675,33.9719656,-84.4538199,0.9422,driving,"[(33.9734339, -84.4701675), (33.9719656, -84.4538199)]"
10115,A,2026-02-22T23:07:23,2026-02-23T02:35:00,33.9734698,-84.4702085,33.9734009,-84.4702691,0.1111,driving,"[(33.9735572, -84.4700516), (33.9735572, -84.4700516), (33.9734698, -84.4702085), (33.9734698, -84.4702085), (33.9736259, -84.4701983), (33.9736259, -84.4701983), (33.9736259, -84.4701983), (33.9736259, -84.4701983), (33.9734436, -84.4702006), (33.9735832, -84.4701772), (33.9735832, -84.4701772), (33.9735832, -84.4701772), (33.9733842, -84.4701505), (33.9735568, -84.4702022), (33.9734126, -84.4701787), (33.9696002, -84.4889844), (33.9680045, -84.4884115)]"
10116,A,2026-02-23T02:50:24,2026-02-23T02:59:06,33.967895,-84.4884301,33.9734052,-84.4700493,1.4426,driving,"[(33.9755224, -84.4683336), (33.9734052, -84.4700493)]"
10117,A,2026-02-23T15:24:45,2026-02-23T15:43:10,33.9734051,-84.4701755,33.9183922,-84.4926097,7.5614,driving,"[(33.9734051, -84.4701755), (33.9768362, -84.4681695), (33.9744274, -84.4775533), (33.975061, -84.4680757), (33.9735745, -84.4701674), (33.9769479, -84.4682792), (33.970751, -84.4881978), (33.9598984, -84.4969361), (33.9460434, -84.4989296), (33.9413865, -84.5039601), (33.9322998, -84.4917695), (33.9238004, -84.4868311), (33.9227786, -84.4914591), (33.9183922, -84.4926097)]"
10118,A,2026-02-23T16:12:43,2026-02-23T16:25:39,33.9182152,-84.492694,33.9736052,-84.4703204,5.8063,driving,"[(33.9182152, -84.492694), (33.9226789, -84.4897798), (33.9227621, -84.4841463), (33.9376318, -84.4982672), (33.9622459, -84.4949445), (33.9740602, -84.4856252), (33.9747408, -84.4738141)]"
10119,A,2026-02-23T22:51:37,2026-02-23T23:31:53,33.9735049,-84.4702241,33.8832697,-84.2674542,17.6182,driving,"[(33.9735049, -84.4702241), (33.9797235, -84.4626925), (33.9811323, -84.431487), (33.9770437, -84.4166223), (33.9177851, -84.4075943), (33.912924, -84.3770467), (33.9211926, -84.3189456), (33.9188944, -84.2926529), (33.8795296, -84.2731063), (33.8783179, -84.2708849)]"
10120,A,2026-02-24T02:57:39,2026-02-24T03:29:57,33.8831656,-84.2677303,33.8423515,-84.3298223,6.3737,driving,"[(33.8831656, -84.2677303), (33.8783131, -84.2705341), (33.8769138, -84.2753461), (33.8418107, -84.3089382), (33.8364308, -84.3370235), (33.8443156, -84.3277102), (33.8423515, -84.3298223), (33.8083709, -84.3750003), (33.7818711, -84.3915937)]"
10121,A,2026-02-24T05:51:09,2026-02-24T06:11:13,33.7798987,-84.3890073,33.9734218,-84.4702039,15.87,driving,"[(33.8774099, -84.4495811), (33.9360125, -84.4964902), (33.9669271, -84.4905293), (33.9734218, -84.4702039)]"
10122,A,2026-02-24T22:58:56,2026-02-24T23:14:24,33.9735506,-84.4703312,33.9512797,-84.4932973,3.2146,driving,"[(33.9735506, -84.4703312), (33.9770508, -84.4681943), (33.9744173, -84.4785504), (33.9591777, -84.4983642), (33.9517051, -84.4974736), (33.9512797, -84.4932973)]"
10123,A,2026-02-25T00:58:57,2026-02-25T01:19:09,33.9514379,-84.4931166,34.0189323,-84.556779,6.1268,driving,"[(33.9514379, -84.4931166), (33.9620449, -84.5179007), (34.0135068, -84.5548163), (34.0189323, -84.556779)]"
10124,A,2026-02-25T01:40:05,2026-02-25T01:53:53,34.0197539,-84.5561909,34.0369386,-84.5447502,3.4523,driving,"[(34.0357046, -84.5438983), (34.0352173, -84.5357029), (34.0379604, -84.5286254), (34.0345543, -84.546271)]"
10125,A,2026-02-25T01:53:53,2026-02-25T19:10:00,33.9700509,-84.4650104,33.9179231,-84.492499,15.055,driving,"[(34.0369386, -84.5447502), (34.0368862, -84.5449212), (34.0368862, -84.5449212), (34.0368862, -84.5449212), (34.0368862, -84.5449212), (34.0368862, -84.5449212), (34.0368862, -84.5449212), (34.0368862, -84.5449212), (34.0369409, -84.5449224), (34.0369409, -84.5449224), (34.0369409, -84.5449224), (34.0369409, -84.5449224), (34.0369409, -84.5449224), (34.0369203, -84.5449461), (34.0369026, -84.5448714), (34.0369043, -84.5448431), (34.0369043, -84.5448431), (34.0369043, -84.5448431), (34.0368088, -84.5449621), (34.0369194, -84.5449494), (34.0369194, -84.5449494), (34.0369194, -84.5449494), (34.0369194, -84.5449494), (34.0369194, -84.5449494), (34.0369194, -84.5449494), (33.973477, -84.4701888), (33.9734987, -84.4701754), (33.9734987, -84.4701754), (33.9734987, -84.4701754), (33.9734233, -84.4701872), (33.9734771, -84.4702119), (33.9736938, -84.4704009), (33.9735407, -84.4704231), (33.9736325, -84.4703119), (33.9736047, -84.4705458), (33.9734639, -84.4702368), (33.9734639, -84.4702368), (33.9734639, -84.4702368), (33.9734639, -84.4702368), (33.9734639, -84.4702368), (33.9734639, -84.4702368), (33.9734639, -84.4702368), (33.9700509, -84.4650104), (33.9700509, -84.4650104), (33.9737299, -84.4704933), (33.9737299, -84.4704933), (33.9737299, -84.4704933), (33.9737299, -84.4704933), (33.9737299, -84.4704933), (33.9700509, -84.4650104), (33.9734236, -84.4701978), (33.9700509, -84.4650104), (33.9735287, -84.4703798), (33.9700509, -84.4650104), (33.973403, -84.4701639), (33.9700509, -84.4650104), (33.9735356, -84.4704125), (33.9181986, -84.492493), (33.9734928, -84.4701537), (33.9179231, -84.492499)]"
10126,A,2026-02-25T19:26:47,2026-02-25T19:46:48,33.9182087,-84.4926895,33.9734447,-84.4701704,4.4303,driving,"[(33.9182087, -84.4926895), (33.9237111, -84.4834965), (33.975125, -84.4690467)]"
10127,A,2026-02-25T23:57:52,2026-02-26T00:40:49,33.9744602,-84.469235,33.7730564,-84.3832807,16.8833,driving,"[(33.9734207, -84.470206), (33.9633018, -84.4939012), (33.9585553, -84.4973242), (33.9472399, -84.4988332), (33.9225261, -84.482064), (33.835102, -84.4284143), (33.7876066, -84.3919272), (33.7887559, -84.3885138), (33.7859968, -84.3831635), (33.7785562, -84.3829475), (33.7730564, -84.3832807)]"
10128,A,2026-02-26T02:29:56,2026-02-26T02:49:53,33.7740999,-84.3830367,33.781464,-84.3931431,3.5387,driving,"[(33.7740999, -84.3830367), (33.7764248, -84.387322), (33.780514, -84.3873704), (33.7814954, -84.4065375), (33.7740057, -84.4056789), (33.7776791, -84.4075657)]"
10129,A,2026-02-26T06:38:11,2026-02-26T07:00:22,33.7797747,-84.3893202,33.9734399,-84.4701418,16.6176,driving,"[(33.8009849, -84.4000066), (33.8180139, -84.4220768), (33.8522829, -84.4311513), (33.9397449, -84.5001237), (33.958104, -84.4975172), (33.9768074, -84.4682539), (33.9734399, -84.4701418)]"
10130,A,2026-02-26T17:13:26,2026-02-26T17:41:36,33.9734162,-84.4701765,33.9181737,-84.4927022,10.3171,driving,"[(33.9642649, -84.4930473), (33.9529392, -84.4972643), (33.9634352, -84.4935837), (33.9703486, -84.4876491), (33.974173, -84.4800402), (33.9756294, -84.4711529), (33.9749588, -84.4686099), (33.9739161, -84.4784006), (33.9608015, -84.4969501), (33.9499691, -84.4984917), (33.9229709, -84.4873226)]"
10131,A,2026-02-26T18:18:00,2026-02-26T18:36:41,33.9191578,-84.492815,33.974865,-84.4830606,4.5661,driving,"[(33.9191578, -84.492815), (33.9232863, -84.4833023), (33.9583704, -84.4972126), (33.974865, -84.4830606)]"
10132,A,2026-02-26T18:39:37,2026-02-26T20:29:49,33.9743656,-84.4696032,33.7318912,-84.4214152,19.6843,driving,"[(33.9765434, -84.4785357), (33.9748736, -84.4723432), (33.97345, -84.4701941), (33.9776176, -84.4665786), (33.9734799, -84.4702108), (33.9789182, -84.4632736), (33.9432231, -84.4635248), (33.9376013, -84.4624482), (33.9084306, -84.4651693), (33.905539, -84.4677779), (33.8631689, -84.4374517), (33.8091822, -84.4194005), (33.8011137, -84.4079091), (33.784468, -84.4087896), (33.7772783, -84.4072631), (33.7734775, -84.4090559), (33.7649873, -84.4042763), (33.7315568, -84.4189148)]"
10133,A,2026-02-26T23:34:49,2026-02-27T00:25:32,33.7320334,-84.4216918,33.9734101,-84.4701727,21.3597,driving,"[(33.7320334, -84.4216918), (33.7503901, -84.4031031), (33.7537428, -84.4027459), (33.7629754, -84.4026561), (33.7665123, -84.4047631), (33.7700234, -84.40425), (33.7710017, -84.3993357), (33.7731342, -84.3994328), (33.77418, -84.4022364), (33.7775003, -84.4023605), (33.7781748, -84.3976943), (33.776826, -84.3950765), (33.7779519, -84.3900729), (33.7915274, -84.3903025), (33.801315, -84.4013656), (33.8042729, -84.409177), (33.8738657, -84.4459536), (33.9333527, -84.491031), (33.9381538, -84.4985561), (33.9498029, -84.4987163), (33.9702097, -84.487765), (33.9749627, -84.468204)]"
10134,A,2026-02-28T18:19:22,2026-02-28T21:02:11,33.9734106,-84.4702439,33.9737475,-84.4705504,0.1946,driving,"[(33.9767909, -84.4681075), (33.9786789, -84.4637408), (33.9769804, -84.4682827), (33.9734106, -84.4702439), (33.9778845, -84.468101), (33.9875742, -84.4723444), (33.9862121, -84.4775235), (34.0182976, -84.4916004), (34.0156406, -84.4938882)]"
10135,A,2026-02-28T21:15:49,2026-02-28T21:27:52,34.016334,-84.4939745,34.0043291,-84.5683779,6.6675,driving,"[(34.016334, -84.4939745), (33.9822918, -84.5610773), (33.9966281, -84.5781115)]"
10136,A,2026-02-28T22:15:20,2026-02-28T22:31:30,34.0043482,-84.5693102,34.036465,-84.5441956,3.223,driving,"[(34.0244283, -84.5711866), (34.0351153, -84.5552414), (34.0351845, -84.546745)]"
10137,A,2026-03-01T03:54:20,2026-03-01T04:30:55,34.036919,-84.5449252,33.9733918,-84.4701651,14.1632,driving,"[(34.0345438, -84.5460564), (34.0359596, -84.5373563), (34.0350086, -84.5318318), (34.0320763, -84.52823), (34.0393768, -84.5133994), (34.0414899, -84.4783412), (34.0363513, -84.4653876), (34.0372914, -84.4494067), (34.0266139, -84.4315767), (34.0243729, -84.431841), (34.0279577, -84.4339636), (34.0295053, -84.4320642), (34.0249869, -84.4247502), (33.9851881, -84.4558153), (33.9870225, -84.4724022), (33.9856778, -84.4677008), (33.9815915, -84.4618062)]"
10138,A,2026-03-01T17:43:34,2026-03-01T17:58:26,33.973289,-84.4701394,33.9727239,-84.4538495,2.024,driving,"[(33.973289, -84.4701394), (33.9768082, -84.4681845), (33.9763304, -84.4616885), (33.9673408, -84.4592555), (33.971456, -84.4509119), (33.9727239, -84.4538495)]"
10139,A,2026-03-01T20:06:47,2026-03-01T20:20:41,33.9726824,-84.4538176,33.9507825,-84.4971154,4.2589,driving,"[(33.9726824, -84.4538176), (33.9713894, -84.4495536), (33.9669591, -84.4595758), (33.9708037, -84.4749027), (33.9687214, -84.480414), (33.9554931, -84.4779107)]"
10140,A,2026-03-01T20:33:21,2026-03-01T21:06:18,33.9516357,-84.4974779,33.7737042,-84.3848847,14.9221,driving,"[(33.945272, -84.4988676), (33.9412817, -84.5041061), (33.9348126, -84.494934), (33.8609029, -84.436099), (33.8094553, -84.4186573), (33.8029231, -84.4084894), (33.7987623, -84.3964274), (33.7865467, -84.389036), (33.7808628, -84.3890397), (33.7771196, -84.3887071), (33.7743849, -84.3886511), (33.7737042, -84.3848847), (33.7740478, -84.3842148)]"
10141,A,2026-03-01T22:55:30,2026-03-02T00:08:06,33.6413128,-84.4447958,33.9718947,-84.4538604,28.8055,driving,"[(33.7740326, -84.3842426), (33.7710965, -84.3865549), (33.766399, -84.3898677), (33.7625059, -84.3825356), (33.7541733, -84.3788251), (33.7474248, -84.3871191), (33.674836, -84.4144307), (33.6413398, -84.452655), (33.6414051, -84.4449154), (33.6444652, -84.4432377), (33.6532096, -84.4406466), (33.6622423, -84.4241137), (33.7216507, -84.3950686), (33.7459547, -84.3888023), (33.7517174, -84.3799933), (33.7603345, -84.3795254), (33.7735355, -84.3901356), (33.7962724, -84.3938154), (33.800742, -84.398286), (33.8095617, -84.4185677), (33.8613927, -84.4363316), (33.9315432, -84.4896371), (33.9381475, -84.4985575), (33.9458532, -84.4997917), (33.9506101, -84.4957771), (33.9480038, -84.4845573), (33.955857, -84.477785), (33.965936, -84.4792814), (33.9684534, -84.4684814), (33.967331, -84.4601678), (33.9715357, -84.4518031), (33.9793834, -84.4621545), (33.9766167, -84.4681091), (33.973551, -84.4701444)]"
10142,A,2026-03-02T19:48:55,2026-03-02T20:19:57,33.9734624,-84.4702565,33.7768313,-84.3892662,17.4367,driving,"[(33.9734624, -84.4702565), (33.9769617, -84.4683401), (33.9698285, -84.4888693), (33.9430805, -84.5004276), (33.8764802, -84.4488722), (33.8104151, -84.4194144), (33.7989059, -84.3931337), (33.7825314, -84.3919879), (33.7770137, -84.3937905)]"
10143,A,2026-03-02T20:27:27,2026-03-02T20:45:55,33.7753212,-84.3888278,33.8396251,-84.3212052,7.7329,driving,"[(33.7717927, -84.388845), (33.778284, -84.3920023), (33.7894167, -84.3890492), (33.8245902, -84.3565364), (33.8399058, -84.3151083)]"
10144,A,2026-03-02T21:24:04,2026-03-02T21:34:34,33.8394506,-84.32222,33.8829546,-84.267479,4.5701,driving,"[(33.8398338, -84.3119058), (33.8781662, -84.2724897), (33.8806671, -84.2701953)]"
10145,A,2026-03-02T23:38:40,2026-03-02T23:48:53,33.8831478,-84.2675911,33.8959294,-84.2816598,1.8778,driving,"[(33.8831478, -84.2675911), (33.8810631, -84.2706063), (33.8848054, -84.2838744), (33.8896974, -84.2858355), (33.8959294, -84.2816598)]"
10146,A,2026-03-03T00:18:22,2026-03-03T00:38:18,33.897401,-84.2819828,33.9185904,-84.3504694,5.7344,driving,"[(33.9006872, -84.276038), (33.918767, -84.2927232), (33.9202244, -84.3307784), (33.9156825, -84.352724), (33.9172917, -84.3510829), (33.9194216, -84.3520688), (33.9179706, -84.3496454)]"
10147,A,2026-03-03T03:28:49,2026-03-03T03:50:36,33.9175328,-84.3498115,33.7810169,-84.3890048,11.4703,driving,"[(33.9175328, -84.3498115), (33.9194216, -84.3520688), (33.9183181, -84.3636226), (33.8389737, -84.3598226), (33.8224296, -84.3602927), (33.7898144, -84.3920058), (33.7816579, -84.3914712), (33.7810169, -84.3890048)]"
10148,A,2026-03-03T07:19:57,2026-03-03T07:38:23,33.7798782,-84.3891927,33.9736081,-84.469995,16.6334,driving,"[(33.7798782, -84.3891927), (33.7895144, -84.3902448), (33.8013484, -84.4004508), (33.8118911, -84.4197386), (33.8962636, -84.4663984), (33.9411792, -84.502708), (33.9617321, -84.49552), (33.9737502, -84.48443), (33.9736081, -84.469995)]"
10149,A,2026-03-03T17:34:11,2026-03-03T17:49:46,33.973394,-84.4701574,33.9504398,-84.4919899,3.2367,driving,"[(33.9764221, -84.4679468), (33.9742933, -84.4793076), (33.9647506, -84.4926933), (33.9590296, -84.4963412), (33.9519855, -84.4976241), (33.9499102, -84.4933766)]"
10150,A,2026-03-03T19:05:44,2026-03-03T19:20:51,33.9508306,-84.4923275,33.9079072,-84.3805941,10.2432,driving,"[(33.9508306, -84.4923275), (33.9418587, -84.5030402), (33.8920354, -84.4568003), (33.9035763, -84.4375238), (33.9117098, -84.3800579), (33.910047, -84.3788208)]"
10151,A,2026-03-03T21:57:21,2026-03-04T01:28:23,33.9734957,-84.4702083,33.973483,-84.4702618,0.1253,driving,"[(33.9110675, -84.3789067), (33.9161026, -84.407292), (33.9122561, -84.425584), (33.9045828, -84.4354904), (33.8932621, -84.4563014), (33.9050527, -84.475033), (33.9080213, -84.4761973), (33.9139416, -84.4818463), (33.9190032, -84.4817983), (33.9333796, -84.4910791), (33.9403908, -84.5020785), (33.9495078, -84.497857), (33.961892, -84.4952896), (33.9689105, -84.4893929), (33.9767521, -84.4681434), (33.9734957, -84.4702083), (33.9719931, -84.4871895), (33.9677406, -84.4884926)]"
10152,A,2026-03-04T01:37:04,2026-03-04T01:41:24,33.9691102,-84.4888056,33.9736049,-84.4702667,1.4204,driving,"[(33.9740999, -84.4806202), (33.9762727, -84.469585), (33.9736049, -84.4702667)]"
10153,A,2026-03-04T20:57:11,2026-03-04T22:30:02,33.9734149,-84.4701607,33.7803579,-84.3877897,21.377,driving,"[(33.9763679, -84.4679534), (33.979177, -84.4628302), (33.9871432, -84.4724189), (33.9817632, -84.4803125), (33.963087, -84.4942791), (33.9516905, -84.4971458), (33.940949, -84.5049352), (33.9235624, -84.4858543), (33.8323919, -84.4269608), (33.8126062, -84.4204854), (33.7989059, -84.3931337), (33.7876899, -84.3919985), (33.7931173, -84.3885843), (33.7826891, -84.3919703), (33.7816494, -84.4057134), (33.7804263, -84.4074627), (33.7772047, -84.4080873), (33.7732771, -84.4036208), (33.7731407, -84.4002166), (33.7712497, -84.3917646), (33.7795523, -84.3873205), (33.7803579, -84.3877897)]"
10154,A,2026-03-05T01:18:00,2026-03-05T01:54:20,33.7802753,-84.3882535,33.9733572,-84.4701772,18.2116,driving,"[(33.7802753, -84.3882535), (33.7816977, -84.3937532), (33.7810029, -84.4109309), (33.7769465, -84.4086338), (33.7827887, -84.4074915), (33.7953459, -84.4078223), (33.8521015, -84.4311004), (33.9275474, -84.4878219), (33.9430999, -84.4999694), (33.9446611, -84.4988118), (33.9601263, -84.4961855), (33.9675243, -84.4904087), (33.9742739, -84.4782169), (33.9733572, -84.4701772)]"
10155,A,2026-03-05T05:26:58,2026-03-05T05:37:15,33.9735757,-84.470207,33.9509595,-84.5176742,3.7389,driving,"[(33.9735757, -84.470207), (33.9764765, -84.4680112), (33.9710776, -84.4878423), (33.9540959, -84.5046836), (33.9509595, -84.5176742), (33.9514998, -84.5212942)]"
10156,A,2026-03-05T05:50:20,2026-03-05T05:57:43,33.9515267,-84.5214875,33.9736048,-84.4701477,3.9046,driving,"[(33.9537827, -84.5046678), (33.9734909, -84.4852641), (33.9763075, -84.4696372)]"
10157,A,2026-03-05T20:21:59,2026-03-05T20:31:09,33.9732808,-84.4702257,33.9722929,-84.4521477,2.2248,driving,"[(33.9732808, -84.4702257), (33.9792629, -84.4614823), (33.9676256, -84.4626425), (33.9704545, -84.4520478), (33.9724754, -84.4536619)]"
10158,A,2026-03-06T00:05:20,2026-03-06T00:15:07,33.972188,-84.454156,33.984052,-84.4260691,1.9427,driving,"[(33.9724253, -84.4505996), (33.9778414, -84.4406766), (33.978281, -84.43617), (33.984052, -84.4260691)]"
10159,A,2026-03-06T00:28:28,2026-03-06T00:35:49,33.9840179,-84.4260634,33.9744882,-84.4691922,2.6244,driving,"[(33.9794442, -84.4607839), (33.9744882, -84.4691922)]"
10160,A,2026-03-06T23:48:46,2026-03-07T00:04:36,33.973386,-84.4701569,34.02043,-84.5676579,8.136,driving,"[(33.973386, -84.4701569), (33.9735795, -84.4854062), (33.9640811, -84.4932927), (33.9626572, -84.5127557), (34.0013293, -84.5625611), (34.0106284, -84.5663455), (34.02043, -84.5676579)]"
10161,A,2026-03-07T03:13:38,2026-03-07T03:21:21,34.0216402,-84.5687942,34.013473,-84.5520365,1.1667,driving,"[(34.0216402, -84.5687942), (34.0147222, -84.5529277), (34.013473, -84.5520365)]"
10162,A,2026-03-07T03:53:31,2026-03-07T04:16:40,34.0215225,-84.5684308,33.9739389,-84.4700036,8.3404,driving,"[(34.0147515, -84.5529072), (34.0218049, -84.5678101), (34.01735, -84.5682018), (34.0124867, -84.5643097), (33.9965344, -84.5597846), (33.9615953, -84.5209718), (33.9630586, -84.49433), (33.97012, -84.4884167)]"
10163,A,2026-03-08T00:06:58,2026-03-08T00:22:22,33.973674,-84.4699892,34.0246898,-84.4319308,5.4421,driving,"[(33.973674, -84.4699892), (33.9750092, -84.4681473), (33.9768424, -84.4681289), (33.9794073, -84.462023), (33.9873544, -84.4592618), (34.0053669, -84.4640771), (34.0115522, -84.4632096), (34.0123107, -84.459474), (34.0244622, -84.4479081), (34.0271223, -84.4370777), (34.0284952, -84.4349028), (34.0246898, -84.4319308)]"
10164,A,2026-03-08T03:24:38,2026-03-08T03:32:43,34.0244358,-84.4320963,34.0386822,-84.4624248,2.1438,driving,"[(34.0244358, -84.4320963), (34.0373747, -84.4534), (34.0370447, -84.4600769)]"
10165,A,2026-03-08T04:01:48,2026-03-08T04:24:15,34.0267124,-84.4315615,33.9735998,-84.4703582,5.3942,driving,"[(34.0380994, -84.4606093), (34.0370706, -84.4492267), (34.0344427, -84.4448917), (34.0306932, -84.4346917), (34.0284543, -84.433746), (34.0267124, -84.4315615), (34.0244711, -84.4320682), (34.0207153, -84.4276015), (33.9955952, -84.4343414), (33.9938175, -84.4447813), (33.9836817, -84.4613476), (33.9792129, -84.4615645), (33.9735998, -84.4703582)]"
10166,A,2026-03-08T20:44:00,2026-03-08T20:54:04,33.9735217,-84.4702921,33.9674423,-84.488856,1.7366,driving,"[(33.9735217, -84.4702921), (33.9768708, -84.468167), (33.9716223, -84.4874556), (33.9691113, -84.4889934), (33.9674423, -84.488856)]"
10167,A,2026-03-08T21:58:00,2026-03-08T22:20:05,33.967434,-84.4885378,33.9996546,-84.5912522,6.8841,driving,"[(33.967434, -84.4885378), (33.9651585, -84.5091028), (33.9687826, -84.5264996), (33.9813286, -84.5387098), (33.9841101, -84.5444235), (33.9797576, -84.5547943), (33.9996546, -84.5912522)]"
10168,A,2026-03-08T22:38:08,2026-03-08T22:50:24,33.99926,-84.5910994,34.0368212,-84.5450487,4.2133,driving,"[(33.9990473, -84.5863241), (34.0040576, -84.577775), (34.0248074, -84.5746235), (34.0368212, -84.5450487)]"
10169,A,2026-03-09T02:23:03,2026-03-09T02:27:33,34.036728,-84.545189,34.0390179,-84.5305226,0.9866,driving,"[(34.0355723, -84.5428014), (34.0364926, -84.5316331)]"
10170,A,2026-03-09T02:48:52,2026-03-09T02:53:47,34.0388064,-84.5302835,34.036823,-84.545139,0.8615,driving,"[(34.0388064, -84.5302835), (34.036823, -84.545139)]"
10171,A,2026-03-09T03:08:19,2026-03-09T03:29:00,34.0367694,-84.5451747,33.9739625,-84.470229,11.0048,driving,"[(34.0354853, -84.5465369), (34.0352861, -84.5542171), (34.0377566, -84.5638623), (33.995909, -84.5600363), (33.9624725, -84.5215965), (33.960681, -84.4987182), (33.967425, -84.4887963), (33.9739621, -84.4827205), (33.9767547, -84.468127), (33.9739625, -84.470229)]"
10172,A,2026-03-10T04:37:52,2026-03-10T04:52:06,33.9734298,-84.4702386,33.9509684,-84.5201859,3.9459,driving,"[(33.9734298, -84.4702386), (33.9768665, -84.4682795), (33.9712567, -84.4878237), (33.9520253, -84.5069526), (33.9507631, -84.5113404), (33.9509684, -84.5201859), (33.9518517, -84.5214732)]"
10173,A,2026-03-10T04:59:38,2026-03-10T05:08:58,33.950409,-84.5205012,33.9736624,-84.4705679,3.8743,driving,"[(33.9517901, -84.5213375), (33.9514214, -84.5074086), (33.9689978, -84.4887712), (33.9743761, -84.477221), (33.9754937, -84.4678797)]"
10174,A,2026-03-10T21:43:13,2026-03-10T21:49:28,33.9739878,-84.4700716,33.9726102,-84.4537985,2.1714,driving,"[(33.9760955, -84.4679), (33.9792116, -84.4615245), (33.9696096, -84.4628306), (33.9673737, -84.459091), (33.9717157, -84.4520132), (33.9726102, -84.4537985)]"
10175,A,2026-03-10T21:56:06,2026-03-10T22:00:37,33.9717169,-84.4540678,33.9783764,-84.4609346,0.6054,driving,"[(33.9717169, -84.4540678), (33.9783764, -84.4609346)]"
10176,A,2026-03-10T22:13:56,2026-03-10T22:19:12,33.9782007,-84.4609593,33.9736449,-84.4702963,0.7601,driving,"[(33.9782007, -84.4609593), (33.9770316, -84.4681834), (33.9736449, -84.4702963)]"
10177,A,2026-03-11T01:47:08,2026-03-11T01:54:07,33.9734034,-84.4701478,33.967893,-84.4880815,1.6481,driving,"[(33.9764737, -84.467991), (33.9741358, -84.4823507), (33.9687534, -84.4882763)]"
10178,A,2026-03-11T02:14:54,2026-03-11T02:20:49,33.9686052,-84.48919,33.9735589,-84.4701639,1.4936,driving,"[(33.9684947, -84.4888804), (33.9712897, -84.4875782), (33.9751773, -84.4684222)]"
10179,A,2026-03-12T17:13:56,2026-03-12T17:28:57,33.9734023,-84.4701531,33.9687634,-84.4125686,4.034,driving,"[(33.9734023, -84.4701531), (33.9792711, -84.4619914), (33.9791222, -84.4482775), (33.9843632, -84.4393591), (33.982639, -84.4297737), (33.9804858, -84.4249925)]"
10180,A,2026-03-12T18:54:47,2026-03-12T19:09:37,33.9696449,-84.4122419,33.9734297,-84.4702394,4.0937,driving,"[(33.9696449, -84.4122419), (33.9740967, -84.4131284), (33.9833189, -84.4275306), (33.9786246, -84.4363907), (33.9777254, -84.4679326)]"
10181,A,2026-03-12T22:55:52,2026-03-12T23:09:20,33.9735274,-84.4703733,33.950832,-84.4922862,2.8375,driving,"[(33.9735274, -84.4703733), (33.9738466, -84.4744147), (33.9693835, -84.4889435), (33.9661379, -84.4916974), (33.9515139, -84.4984778), (33.950832, -84.4922862)]"
10182,A,2026-03-13T00:09:02,2026-03-13T00:21:17,33.9502625,-84.4920547,34.0198239,-84.5541239,6.9329,driving,"[(33.9520775, -84.4980511), (33.9588247, -84.4973749), (33.9653586, -84.5081369), (33.9620028, -84.5191313), (34.0145111, -84.55643), (34.0198239, -84.5541239)]"
10183,A,2026-03-13T00:59:29,2026-03-13T01:04:29,34.019842,-84.5541459,34.0360049,-84.5472198,1.7133,driving,"[(34.0231916, -84.5529065), (34.02708, -84.5576647), (34.0350675, -84.5552237), (34.0339195, -84.5504298), (34.0360049, -84.5472198)]"
10184,A,2026-03-13T03:54:29,2026-03-13T04:28:34,34.0379689,-84.5286951,33.973487,-84.4702546,10.7295,driving,"[(34.035925, -84.5344913), (34.0377158, -84.5317031), (34.037883, -84.5285687), (34.0202471, -84.5284575), (34.0189364, -84.5114758), (33.9757629, -84.4789493), (33.958012, -84.4975419), (33.95061, -84.4986277), (33.9567937, -84.4975144), (33.9767509, -84.468085)]"
10185,A,2026-03-13T17:40:19,2026-03-13T17:42:26,33.9735245,-84.4702974,33.9785585,-84.4643697,0.5429,driving,"[(33.975201, -84.4678448), (33.9785585, -84.4643697)]"
10186,A,2026-03-13T18:04:33,2026-03-13T18:22:13,33.9798137,-84.4627674,34.0232443,-84.4260882,5.3135,driving,"[(33.9798137, -84.4627674), (33.9768913, -84.4681315), (33.9735692, -84.4701745), (33.9909465, -84.4500874), (33.994982, -84.4345508), (34.0043494, -84.435982), (34.0232443, -84.4260882)]"
10187,A,2026-03-13T18:54:44,2026-03-13T21:07:25,33.9735982,-84.4701807,33.9733851,-84.4703045,0.2011,driving,"[(34.0239901, -84.4254037), (34.0058745, -84.4358878), (34.0001803, -84.4347149), (33.9935484, -84.4413407), (33.9936359, -84.4452803), (33.9825633, -84.4613651), (33.9797892, -84.4626461), (33.9769997, -84.4681637), (33.9734945, -84.4702727), (33.9741938, -84.4816666), (33.9602426, -84.4984132), (33.9565686, -84.4968654), (33.9477719, -84.4988371), (33.9409107, -84.5049713), (33.9297419, -84.4895404), (33.8986665, -84.4704781), (33.8935245, -84.4643998), (33.8911682, -84.4583243), (33.9130611, -84.4240197), (33.9158386, -84.4072994), (33.9106148, -84.3596293), (33.9202097, -84.3206094), (33.9200914, -84.2984373), (33.9129926, -84.286683), (33.923414, -84.28112), (33.9484042, -84.2318083), (33.9610477, -84.2086111), (33.9835668, -84.1713751), (33.995662, -84.1675894), (34.0061573, -84.1702566), (34.0153918, -84.1644856), (34.0210189, -84.1607589)]"
10188,A,2026-03-13T21:18:03,2026-03-13T21:24:28,34.0211712,-84.1604151,34.0213964,-84.1358973,1.5341,driving,"[(34.0189143, -84.1578829), (34.0201294, -84.1367976), (34.0213964, -84.1358973)]"
10189,A,2026-03-14T05:59:20,2026-03-14T06:53:22,34.021358,-84.1356274,33.9730547,-84.4704151,27.927,driving,"[(34.0225216, -84.1568074), (34.00778, -84.1699195), (34.0015843, -84.169048), (34.0043055, -84.1701354), (34.0175941, -84.1893003), (34.0121157, -84.1919694), (34.008695, -84.2088564), (34.0241266, -84.2521999), (34.0241138, -84.2584731), (34.0218049, -84.2639517), (34.020109, -84.2785842), (34.0257263, -84.3030958), (34.02059, -84.3172184), (34.0122163, -84.3273429), (34.0102811, -84.3322159), (34.0119781, -84.3353443), (34.0061713, -84.3507015), (34.0089751, -84.3558401), (34.0096938, -84.3610789), (34.0139365, -84.363156), (33.9928905, -84.4152107), (33.9780115, -84.4387807), (33.9794724, -84.4580257), (33.9854986, -84.4650184), (33.9855418, -84.4703221), (33.9870687, -84.4723842), (33.9854181, -84.4634501), (33.9795716, -84.4615159), (33.9768924, -84.468145), (33.9735541, -84.4700851), (33.9846482, -84.4631113), (33.9877081, -84.4724269), (33.9791178, -84.4614752), (33.9730547, -84.4704151)]"
10190,A,2026-03-14T17:49:52,2026-03-14T17:51:55,33.9735522,-84.4701874,33.9785949,-84.4610133,0.6323,driving,"[(33.9735522, -84.4701874), (33.9785949, -84.4610133)]"
10191,A,2026-03-14T17:54:37,2026-03-14T18:08:38,33.9785673,-84.4610083,33.9847272,-84.4260712,2.1684,driving,"[(33.9785673, -84.4610083), (33.9793587, -84.458935), (33.9796575, -84.4452576), (33.9782593, -84.4381673)]"
10192,A,2026-03-14T18:17:29,2026-03-14T18:28:48,33.984538,-84.4256663,33.9734023,-84.4702384,2.8024,driving,"[(33.9790581, -84.4467056), (33.9793626, -84.4609894), (33.9769959, -84.4682526)]"
11000,C,2025-12-20T00:17:03,2025-12-20T00:35:57,33.7751047,-84.3893393,33.9023262,-84.2751199,13.7113,driving,"[(33.7697419, -84.3894231), (33.79878, -84.3923512), (33.8442424, -84.3062803), (33.8911098, -84.2601474), (33.9028366, -84.2727273)]"
11001,C,2025-12-20T01:41:17,2025-12-20T01:51:07,33.9022632,-84.2748512,33.9059548,-84.2703009,2.3839,driving,"[(33.9096834, -84.2835705), (33.9099555, -84.2868008), (33.9084658, -84.288269), (33.9025299, -84.2743978), (33.9059548, -84.2703009)]"
11002,C,2025-12-20T02:33:15,2025-12-20T02:57:03,33.9067287,-84.2693878,33.9741053,-84.4698344,15.6485,driving,"[(33.903763, -84.2733794), (33.9205156, -84.2992269), (33.9162561, -84.3572809), (33.9330136, -84.3570804), (33.9371129, -84.3688309), (33.9359017, -84.3886459), (33.9409775, -84.4016176), (33.9479524, -84.4101117), (33.9735329, -84.4133461), (33.9785487, -84.4184623), (33.9830075, -84.4282239), (33.9781507, -84.4371759), (33.9791369, -84.4632887), (33.9741053, -84.4698344)]"
11003,C,2025-12-20T03:00:33,2025-12-20T03:07:33,33.9745288,-84.4692265,33.9512156,-84.4971746,3.0148,driving,"[(33.9745288, -84.4692265), (33.9765937, -84.4680308), (33.9737965, -84.4847923), (33.9605259, -84.4984817)]"
11004,C,2025-12-20T03:11:45,2025-12-20T03:34:51,33.9516879,-84.4974579,33.7761322,-84.3889586,14.6862,driving,"[(33.9516879, -84.4974579), (33.9467259, -84.4989229), (33.9413995, -84.5040557), (33.9307268, -84.490309), (33.9018743, -84.4737399), (33.8587808, -84.4343203), (33.8064299, -84.4155822), (33.797857, -84.3958227), (33.7842902, -84.3919331), (33.7822882, -84.3915682), (33.7812697, -84.3891676)]"
11005,C,2025-12-20T20:40:07,2025-12-20T20:46:07,33.7758155,-84.3889757,33.7795973,-84.3901551,0.3519,driving,"[(33.7758155, -84.3889757), (33.7795973, -84.3901551)]"
11006,C,2025-12-20T21:03:37,2025-12-20T22:19:10,33.7795621,-84.3902878,33.3632941,-84.1793908,40.8364,driving,"[(33.7795621, -84.3902878), (33.7815394, -84.3913217), (33.7696089, -84.3904923), (33.7674673, -84.3891924), (33.7611991, -84.3808221), (33.7554669, -84.3785109), (33.7508116, -84.3811921), (33.745651, -84.389354), (33.7009539, -84.4041372), (33.6529962, -84.395962), (33.6166552, -84.3982341), (33.5934888, -84.3866942), (33.5851971, -84.3777133), (33.5746393, -84.3352203), (33.5639494, -84.3211333), (33.5609934, -84.315245), (33.5553307, -84.3100288), (33.5502099, -84.2927745), (33.5392106, -84.277163), (33.527866, -84.2736006), (33.5248502, -84.2604935), (33.5290564, -84.2465325), (33.5241926, -84.2450338), (33.5234616, -84.2422078), (33.5240657, -84.2310103), (33.5090421, -84.2290037), (33.5063258, -84.2303465), (33.4942735, -84.2211062), (33.4325029, -84.1874894), (33.4106199, -84.162908), (33.4015328, -84.1735669), (33.3510476, -84.1792599), (33.3466426, -84.1813411), (33.3447809, -84.1832281), (33.3468274, -84.1803287), (33.3632941, -84.1793908)]"
11007,C,2025-12-20T22:26:52,2025-12-20T23:08:52,33.3628374,-84.1781283,32.9164507,-83.7316753,43.7093,driving,"[(33.364343, -84.1794951), (33.3628374, -84.1781283), (33.3506459, -84.1406285), (33.3523332, -84.1263836), (33.2693653, -84.1008628), (33.2061718, -84.0607044), (33.1947821, -84.0589868), (33.1234399, -84.0054849), (33.085871, -83.9951375), (33.0205734, -83.8958325), (32.9840471, -83.8342009), (32.9462907, -83.7949577), (32.9401379, -83.7812703), (32.9388783, -83.7517718), (32.9273488, -83.7326205), (32.9224323, -83.7283081), (32.9203731, -83.7313924)]"
11008,C,2025-12-21T20:12:29,2025-12-21T20:28:35,32.9163426,-83.7322434,32.8351316,-83.6301759,10.7305,driving,"[(32.919905, -83.7312648), (32.9221343, -83.7291449), (32.9249959, -83.7307246), (32.9266264, -83.7344882), (32.9263312, -83.7283289), (32.8970518, -83.6815518), (32.866294, -83.6548843), (32.8601752, -83.6443436), (32.8509477, -83.642371), (32.8399445, -83.6471516), (32.8362934, -83.6404747), (32.8386765, -83.6377795)]"
11009,C,2025-12-21T23:07:38,2025-12-22T02:54:58,32.9164851,-83.7325865,32.9166764,-83.7314504,0.3729,driving,"[(32.8340361, -83.6283176), (32.8349456, -83.6257868), (32.8363204, -83.6223039), (32.8731558, -83.6623169), (32.8754286, -83.6618504), (32.9177647, -83.7058214), (32.92881, -83.7303054), (32.9268298, -83.7338359), (32.9223723, -83.7284392), (32.920229, -83.7313131), (32.9164068, -83.7317132), (32.9194225, -83.7312352), (32.9226379, -83.7281173), (32.9182564, -83.7198865), (32.9198125, -83.7283896), (32.9141051, -83.707379), (32.9004396, -83.6875376)]"
11010,C,2025-12-22T04:49:13,2025-12-22T04:57:10,32.898674,-83.6893417,32.9162946,-83.7329271,3.538,driving,"[(32.8984558, -83.7024194), (32.9133597, -83.7175507), (32.9147242, -83.720281), (32.9207711, -83.7253937), (32.9222658, -83.728922), (32.9172862, -83.7313226), (32.9162946, -83.7329271)]"
11011,C,2025-12-22T19:40:12,2025-12-22T19:49:45,32.9166315,-83.7326155,32.926271,-83.7422799,1.3845,driving,"[(32.9238501, -83.7321497), (32.927178, -83.7436167)]"
11012,C,2025-12-22T20:44:44,2025-12-22T20:57:20,32.9253515,-83.7395748,32.835496,-83.6254607,9.9214,driving,"[(32.9264563, -83.7421724), (32.9253515, -83.7395748), (32.9266032, -83.7300479), (32.9178848, -83.7065808), (32.8499332, -83.6294361), (32.8396012, -83.620189), (32.835496, -83.6254607)]"
11013,C,2025-12-22T23:42:24,2025-12-23T00:02:43,32.8358274,-83.6262236,32.9164972,-83.7323883,9.6241,driving,"[(32.8371884, -83.6215803), (32.8648083, -83.6534472), (32.9007244, -83.6875542), (32.9158376, -83.7062607), (32.9161088, -83.7168077), (32.9222915, -83.7289296), (32.9174257, -83.7313093)]"
11014,C,2025-12-23T03:37:14,2025-12-23T03:47:09,32.9167205,-83.7314417,32.8992906,-83.6906744,3.5943,driving,"[(32.921114, -83.7307001), (32.9225547, -83.7275488), (32.916992, -83.7181096), (32.9158667, -83.7084597), (32.9000831, -83.6873801), (32.8992906, -83.6906744)]"
11015,C,2025-12-23T05:26:55,2025-12-23T05:29:01,32.8991822,-83.6888532,32.8987623,-83.6932207,0.376,driving,"[(32.8997349, -83.6901581), (32.8969671, -83.6910376), (32.8987623, -83.6932207)]"
11016,C,2025-12-23T06:19:15,2025-12-23T06:20:53,32.8975923,-83.6930786,32.8991483,-83.6880119,0.3524,driving,"[(32.8975923, -83.6930786), (32.8991483, -83.6880119)]"
11017,C,2025-12-23T21:16:57,2025-12-23T21:34:14,32.9163404,-83.7323686,32.8356353,-83.6346753,10.6884,driving,"[(32.9161781, -83.732993), (32.9192603, -83.7312878), (32.9226832, -83.7277628), (32.926622, -83.7344261), (32.9262768, -83.7280457), (32.9006744, -83.6845484), (32.8636217, -83.6519019), (32.8597012, -83.6435678), (32.8505485, -83.6424687), (32.8416653, -83.6461311), (32.8415692, -83.6492335), (32.8360194, -83.6398102), (32.8363396, -83.6329247)]"
11018,C,2025-12-24T00:02:46,2025-12-24T03:03:41,32.9164186,-83.7326127,32.9163667,-83.7324576,0.0984,driving,"[(32.836981, -83.6333397), (32.8410011, -83.6453044), (32.8577242, -83.6411285), (32.9180485, -83.7063307), (32.9289204, -83.7304999), (32.9261956, -83.7346693), (32.9235904, -83.7286878), (32.9164186, -83.7326127), (32.921063, -83.7304706), (32.9275728, -83.7343834), (32.9260469, -83.733049), (32.928518, -83.7309843), (32.9403061, -83.7584049), (32.9425642, -83.7862039), (33.0107178, -83.8777467), (33.0729577, -83.9777799), (33.082598, -83.9901349), (33.1206203, -84.0041903), (33.1890497, -84.0563717), (33.2857874, -84.1087062), (33.3847466, -84.1421364), (33.4064766, -84.1552673), (33.4564953, -84.2070275), (33.5012926, -84.2260862), (33.5442859, -84.2713506), (33.583582, -84.37157), (33.5902666, -84.3844205), (33.6270828, -84.4002668), (33.6875381, -84.3991475), (33.696686, -84.4047634), (33.7459386, -84.3886428), (33.7516823, -84.3797739), (33.7590975, -84.3782244), (33.7597141, -84.3818206), (33.7709475, -84.3819462), (33.771511, -84.3874133), (33.7775626, -84.3873126)]"
11019,C,2025-12-24T03:33:00,2025-12-24T05:38:30,33.781111,-84.3906215,32.9164801,-83.7325684,77.7912,driving,"[(33.7796981, -84.389497), (33.781545, -84.3914228), (33.7725905, -84.3904375), (33.7590101, -84.3794313), (33.750508, -84.3818439), (33.7453025, -84.3900273), (33.7039149, -84.4040278), (33.6548495, -84.3953925), (33.6184777, -84.3987947), (33.5855774, -84.3790415), (33.5749364, -84.3356944), (33.5414064, -84.2679397), (33.4928616, -84.2204126), (33.4294378, -84.1842955), (33.4040493, -84.1535923), (33.3035702, -84.1137513), (33.2088495, -84.0619484), (33.1386202, -84.0219479), (33.1175201, -84.0038037), (33.0917033, -83.9975788), (33.0252692, -83.9047268), (32.98169, -83.8325283), (32.951932, -83.8044957), (32.9398208, -83.7766191), (32.9400203, -83.7606329), (32.928964, -83.7338636), (32.926455, -83.7347115), (32.9235918, -83.728647), (32.9164801, -83.7325684), (32.9217946, -83.7295264), (32.9256115, -83.7339407)]"
11020,C,2025-12-24T05:48:20,2025-12-24T05:49:11,32.9271452,-83.7346095,32.9256369,-83.733733,0.116,driving,"[(32.9271452, -83.7346095), (32.9256369, -83.733733)]"
11021,C,2025-12-24T06:22:47,2025-12-24T06:34:17,32.9260962,-83.7336187,32.9153609,-83.7081969,3.1023,driving,"[(32.9260962, -83.7336187), (32.9350131, -83.7232964), (32.9299485, -83.716778), (32.9177278, -83.718939), (32.9153609, -83.7081969)]"
11022,C,2025-12-24T06:57:53,2025-12-24T07:04:58,32.9153702,-83.7082584,32.9164082,-83.7326222,1.8048,driving,"[(32.9153702, -83.7082584), (32.9226297, -83.7280418), (32.9206046, -83.7313997)]"
11023,C,2025-12-24T18:08:58,2025-12-24T19:33:01,32.916334,-83.7325639,33.6263706,-84.4602301,68.2498,driving,"[(32.916334, -83.7325639), (32.9231641, -83.7286379), (32.9262294, -83.7345449), (32.9248195, -83.7331586), (32.947994, -83.8008888), (33.0281114, -83.9104002), (33.0479983, -83.9444442), (33.1240282, -84.0057516), (33.2311072, -84.0790087), (33.3480079, -84.1228551), (33.4099669, -84.1595209), (33.4278791, -84.1845556), (33.4372083, -84.1911488), (33.4577169, -84.2075058), (33.5060566, -84.2303494), (33.5400337, -84.2655318), (33.5817907, -84.3614497), (33.6282148, -84.3997014), (33.6172773, -84.4534685), (33.6245061, -84.4554572), (33.6279253, -84.4630423), (33.6268086, -84.4609846), (33.6263569, -84.4604556)]"
11024,C,2025-12-24T19:44:43,2025-12-24T19:55:53,33.6263431,-84.4603513,33.6412746,-84.4450825,1.9888,driving,"[(33.6263431, -84.4603513), (33.6257808, -84.4582858), (33.624132, -84.4562196), (33.639628, -84.4543758), (33.6418818, -84.4452703)]"
11025,C,2025-12-25T13:21:15,2025-12-25T14:06:53,47.4324391,19.2614412,47.4932149,19.0524609,10.6999,driving,"[(47.4943026, 19.0602022), (47.4932707, 19.0558479)]"
11026,C,2025-12-26T11:49:52,2025-12-26T11:56:10,47.5054905,19.0636646,47.4997337,19.0477718,0.9589,driving,"[(47.506573, 19.0652031), (47.4999655, 19.0554145), (47.4987151, 19.0484762), (47.4997337, 19.0477718)]"
11027,C,2025-12-27T12:17:19,2025-12-27T12:21:32,47.4948992,19.0623133,47.5014441,19.0839106,1.1105,driving,"[(47.4948992, 19.0623133), (47.5014441, 19.0839106)]"
11028,C,2025-12-30T14:01:32,2025-12-30T14:17:38,50.0820187,14.4303967,50.0828545,14.414059,1.3495,driving,"[(50.0820187, 14.4303967), (50.0774073, 14.4238897), (50.0775129, 14.4154445), (50.0814969, 14.4136903)]"
11029,C,2026-01-02T04:03:16,2026-01-02T04:26:39,50.0833354,14.4160681,50.1057409,14.2670128,7.7437,driving,"[(50.0881555, 14.4152857), (50.096964, 14.4025846), (50.0975325, 14.3561873), (50.0988989, 14.2956364), (50.1113009, 14.2804096), (50.1082496, 14.268784)]"
11030,C,2026-01-02T09:00:10,2026-01-02T20:37:26,50.0477522,8.5619838,33.626069,-84.4601788,4605.1967,driving,"[(33.6408777, -84.4177784), (33.6561826, -84.4342897), (33.6411171, -84.4464681), (33.6505391, -84.445628), (33.626069, -84.4601788)]"
11031,C,2026-01-02T20:55:22,2026-01-02T22:11:59,33.626938,-84.4614881,32.9165313,-83.7315528,70.2532,driving,"[(33.6297528, -84.4571378), (33.6297945, -84.450188), (33.622454, -84.4471318), (33.6191153, -84.4521693), (33.6146809, -84.4499578), (33.6156775, -84.4397411), (33.6294089, -84.402985), (33.5915691, -84.3853322), (33.5824362, -84.3731203), (33.5509661, -84.2891041), (33.4806652, -84.2171756), (33.4481298, -84.2007043), (33.4072506, -84.1546213), (33.2493388, -84.0871651), (33.1194119, -84.0032657), (33.0410437, -83.9344868), (32.9483014, -83.7990642), (32.9250967, -83.7310547), (32.9222611, -83.728953), (32.9202124, -83.7313412)]"
11032,C,2026-01-03T04:39:20,2026-01-03T04:50:12,32.9167078,-83.7314795,32.8996606,-83.6881016,3.667,driving,"[(32.9210452, -83.730561), (32.9221675, -83.7270655), (32.9186234, -83.7205371), (32.9138584, -83.7190397), (32.9044155, -83.7052403), (32.898971, -83.7035048), (32.8976397, -83.6938243), (32.8996606, -83.6881016)]"
11033,C,2026-01-03T06:42:59,2026-01-03T06:51:49,32.8997502,-83.6881478,32.9165333,-83.7325661,3.4316,driving,"[(32.8997502, -83.6881478), (32.9113724, -83.6997163), (32.9153257, -83.7162128), (32.9224585, -83.7281641)]"
11034,C,2026-01-03T22:42:29,2026-01-03T22:59:07,32.9166477,-83.7325925,32.8358881,-83.6338659,10.4743,driving,"[(32.9211164, -83.7306512), (32.9226908, -83.7277607), (32.9267816, -83.733874), (32.9265875, -83.7296905), (32.9182997, -83.707509), (32.8580491, -83.6419489), (32.8483239, -83.6426039), (32.840939, -83.6467845), (32.8380877, -83.6442364), (32.8355457, -83.6371399), (32.8358881, -83.6338659)]"
11035,C,2026-01-04T00:55:30,2026-01-04T00:59:42,32.8362248,-83.6317783,32.83549,-83.6254744,0.6849,driving,"[(32.8363108, -83.6318949), (32.8386351, -83.6295677), (32.8356043, -83.6239676)]"
11036,C,2026-01-04T02:35:54,2026-01-04T02:47:38,32.8354858,-83.6246552,32.9003871,-83.6874241,6.1318,driving,"[(32.8354858, -83.6246552), (32.8380734, -83.6215224), (32.8425619, -83.6303165), (32.8471633, -83.6376354), (32.8933975, -83.6761644)]"
11037,C,2026-01-04T03:01:54,2026-01-04T03:09:05,32.8991173,-83.6876967,32.9166845,-83.7314025,3.2845,driving,"[(32.8991173, -83.6876967), (32.9032772, -83.7049327), (32.9210822, -83.7306275), (32.9163525, -83.7328751)]"
11038,C,2026-01-04T08:05:12,2026-01-04T08:21:17,32.9164305,-83.7324967,32.8621396,-83.7838715,7.0135,driving,"[(32.9201842, -83.7313504), (32.9251704, -83.7311681), (32.9265961, -83.7346658), (32.9206365, -83.742242), (32.8830753, -83.7468201), (32.8732036, -83.7802277), (32.8641994, -83.7819161), (32.8621396, -83.7838715)]"
11039,C,2026-01-04T09:38:15,2026-01-04T09:51:46,32.8620542,-83.7837337,32.9163095,-83.7330709,7.1805,driving,"[(32.863444, -83.7819426), (32.8730219, -83.7804613), (32.8779439, -83.7753828), (32.8796514, -83.748443), (32.9256046, -83.7374391), (32.9230895, -83.7285419)]"
11040,C,2026-01-05T02:14:29,2026-01-05T02:23:41,32.9163203,-83.73251,32.8997711,-83.6905727,3.3312,driving,"[(32.9198486, -83.7312917), (32.9219283, -83.7268369), (32.9052956, -83.6916102)]"
11041,C,2026-01-05T03:34:55,2026-01-05T03:58:01,32.8980688,-83.6894425,32.8798376,-83.7660041,11.3726,driving,"[(32.8995823, -83.6897428), (32.8975774, -83.6925577), (32.8997806, -83.716772), (32.8806786, -83.7176316), (32.8772506, -83.716397), (32.8815096, -83.7791764), (32.8875167, -83.8033376), (32.8873635, -83.8085142), (32.8857324, -83.7935386), (32.8798376, -83.7660041)]"
11042,C,2026-01-05T05:16:45,2026-01-05T05:22:21,32.8800077,-83.7652194,32.8877011,-83.8093837,2.6459,driving,"[(32.8791109, -83.7642913), (32.8877011, -83.8093837)]"
11043,C,2026-01-05T06:55:21,2026-01-05T07:22:19,32.8879508,-83.8098629,32.898784,-83.6893721,9.2243,driving,"[(32.8871425, -83.8062912), (32.8866234, -83.7948235), (32.8800834, -83.7734972), (32.8796396, -83.7473193), (32.9046792, -83.7456219), (32.906872, -83.7429602), (32.9004625, -83.7323233), (32.9039125, -83.7263646), (32.9024341, -83.7104145), (32.8991592, -83.7049739), (32.8966168, -83.6904657), (32.898784, -83.6893721), (32.8992662, -83.7029835), (32.904624, -83.7062652), (32.9126998, -83.7171565), (32.9172945, -83.7202047), (32.9222682, -83.7280686), (32.9201793, -83.7313113), (32.9165286, -83.7326012)]"
11044,C,2026-01-05T15:06:33,2026-01-05T15:10:03,32.9164235,-83.7325834,32.9262629,-83.7345309,1.027,driving,"[(32.9164235, -83.7325834), (32.917921, -83.7312784), (32.920917, -83.7308108), (32.9226881, -83.7277589), (32.9245098, -83.729649), (32.9262629, -83.7345309)]"
11045,C,2026-01-05T15:14:15,2026-01-05T16:18:39,32.9270903,-83.7328409,33.7796288,-84.3895766,77.13,driving,"[(32.9288719, -83.7305888), (32.9402638, -83.7555469), (32.9421316, -83.7852095), (33.012037, -83.8800682), (33.0761255, -83.9822966), (33.0990205, -83.9995035), (33.1262005, -84.0074057), (33.1462111, -84.0298664), (33.1935699, -84.0585002), (33.2069862, -84.0607906), (33.3035937, -84.1135352), (33.3986764, -84.1499109), (33.4579834, -84.2078243), (33.4952459, -84.2210771), (33.5407642, -84.2660958), (33.585117, -84.3769944), (33.6053231, -84.3941129), (33.642779, -84.3993258), (33.6555199, -84.3950393), (33.705311, -84.403603), (33.7454046, -84.3892844), (33.7519088, -84.3796708), (33.7611997, -84.3802778), (33.7677111, -84.3888838), (33.7814523, -84.3904609)]"
11046,C,2026-01-05T16:30:36,2026-01-05T16:54:24,33.780542,-84.3888705,34.021692,-84.5677189,20.4756,driving,"[(33.780542, -84.3888705), (33.7939588, -84.3908659), (33.8007519, -84.3981131), (33.8042603, -84.4108035), (33.8124995, -84.4200158), (33.8710133, -84.44362), (33.9333311, -84.4924881), (33.9497123, -84.5160496), (33.9618554, -84.5200139), (33.9996587, -84.5616037), (34.0100944, -84.5662744), (34.0116033, -84.5646945), (34.021692, -84.5677189)]"
11047,C,2026-01-05T18:26:04,2026-01-05T18:37:59,34.0219173,-84.5686238,34.0002397,-84.583159,3.0241,driving,"[(34.0122723, -84.5655216), (33.9984142, -84.5875546), (33.998134, -84.5844585)]"
11048,C,2026-01-05T20:55:11,2026-01-05T21:30:44,34.0008028,-84.5822812,33.7802691,-84.3889626,22.4509,driving,"[(34.0076021, -84.571519), (34.0120628, -84.565048), (34.02126, -84.5680912), (34.0180377, -84.5687216), (34.0116734, -84.5648459), (34.0093512, -84.5686753), (33.9981855, -84.5611343), (33.9630696, -84.5213967), (33.9516772, -84.5164543), (33.8749914, -84.4473438), (33.8511209, -84.4310885), (33.8152969, -84.4215339), (33.8051579, -84.4132526), (33.8013116, -84.4017513), (33.7945, -84.3940449), (33.7815438, -84.3915353)]"
11049,C,2026-01-05T23:55:32,2026-01-06T00:13:02,33.7750887,-84.3889699,33.906442,-84.2693136,13.8451,driving,"[(33.7750887, -84.3889699), (33.769763, -84.3895581), (33.7998478, -84.3907598), (33.8431045, -84.3069616), (33.8908795, -84.2601902), (33.9022749, -84.2720261), (33.906442, -84.2693136)]"
11050,C,2026-01-06T00:21:49,2026-01-06T00:25:19,33.9055997,-84.2709905,33.8927028,-84.2846982,1.1963,driving,"[(33.9055997, -84.2709905), (33.8927028, -84.2846982)]"
11051,C,2026-01-06T00:35:46,2026-01-06T00:41:22,33.8928105,-84.2855136,33.8846573,-84.2676942,1.8343,driving,"[(33.8928105, -84.2855136), (33.8902792, -84.2857202), (33.8845381, -84.2836025), (33.8789763, -84.273242), (33.8846573, -84.2676942)]"
11052,C,2026-01-06T02:54:36,2026-01-06T04:12:18,33.8843712,-84.2675661,32.9165453,-83.7315411,85.4835,driving,"[(33.8843712, -84.2675661), (33.8878486, -84.2646381), (33.8892163, -84.2582647), (33.8842612, -84.2576038), (33.8854039, -84.25522), (33.882569, -84.2504572), (33.8422646, -84.2478982), (33.7808756, -84.2446796), (33.7735402, -84.2352864), (33.7323437, -84.2313081), (33.703569, -84.2507977), (33.69897, -84.2621184), (33.6990668, -84.2756085), (33.6763294, -84.3227788), (33.6707754, -84.3275721), (33.6492493, -84.3203739), (33.6292768, -84.3003215), (33.6047106, -84.2951941), (33.5515011, -84.2688691), (33.5409222, -84.2692508), (33.4978741, -84.2237743), (33.4300756, -84.1850167), (33.4036393, -84.1532866), (33.3026535, -84.1134516), (33.2085971, -84.061791), (33.1401266, -84.0236993), (33.1204911, -84.0043177), (33.0840159, -83.99342), (33.0205609, -83.8958035), (32.9841377, -83.834282), (32.9495259, -83.8009146), (32.9398123, -83.7773145), (32.9370717, -83.7484698), (32.9302875, -83.7358327), (32.9268432, -83.7338017), (32.9223069, -83.7287678), (32.9165453, -83.7315411)]"
11053,C,2026-01-06T20:49:41,2026-01-06T21:07:53,32.9164348,-83.7325648,32.8504378,-83.6741996,7.1082,driving,"[(32.9164348, -83.7325648), (32.9207009, -83.731212), (32.9226455, -83.727811), (32.9187179, -83.7206268), (32.912619, -83.7171198), (32.8784394, -83.7173486), (32.8693464, -83.6985465)]"
11054,C,2026-01-06T22:09:58,2026-01-06T22:19:04,32.8501029,-83.6741193,32.8194142,-83.662786,2.5596,driving,"[(32.8501029, -83.6741193), (32.8460749, -83.6657058), (32.8459763, -83.6632189), (32.8194142, -83.662786)]"
11055,C,2026-01-06T22:29:06,2026-01-06T22:36:48,32.820073,-83.6601869,32.8365774,-83.6259798,2.5099,driving,"[(32.820073, -83.6601869), (32.8214329, -83.6466418), (32.8252254, -83.6425964), (32.8263645, -83.6372102), (32.8367851, -83.6287714)]"
11056,C,2026-01-07T00:41:47,2026-01-07T00:59:03,32.8364523,-83.6242604,32.9166067,-83.7326225,10.1944,driving,"[(32.8355856, -83.6259714), (32.8378587, -83.6205276), (32.8787193, -83.6675057), (32.9222563, -83.7133353), (32.9253798, -83.7272611), (32.9248169, -83.7335563), (32.9223048, -83.729062), (32.9166067, -83.7326225)]"
11057,C,2026-01-07T21:46:03,2026-01-07T21:54:33,32.9163614,-83.7325727,32.9307052,-83.7271293,1.5578,driving,"[(32.9205338, -83.7314213), (32.9227606, -83.727722), (32.9251632, -83.7323782), (32.9302448, -83.7301249), (32.9307052, -83.7271293)]"
11058,C,2026-01-07T22:25:28,2026-01-07T22:41:34,32.9282155,-83.7273926,33.0334216,-83.9205306,14.4194,driving,"[(32.9296533, -83.7294011), (32.9295081, -83.7317257), (32.9394336, -83.7523711), (32.9400568, -83.7798463), (32.9682087, -83.8225198), (32.9870433, -83.837826), (33.0358463, -83.9210994), (33.034124, -83.9248648)]"
11059,C,2026-01-07T23:11:43,2026-01-07T23:29:31,33.0342014,-83.9223177,32.9163556,-83.7326083,14.8732,driving,"[(33.0342014, -83.9223177), (32.9870042, -83.8383378), (32.9496434, -83.8010975), (32.9398573, -83.774964), (32.9369842, -83.7483449), (32.9274313, -83.7326292), (32.924909, -83.7340921), (32.9237855, -83.7280226)]"
11060,C,2026-01-08T15:14:31,2026-01-08T18:21:27,32.9165276,-83.7326241,32.9166297,-83.7325916,0.0948,driving,"[(32.9164157, -83.7326006), (32.920809, -83.7309073), (32.9223688, -83.7282688), (32.9247704, -83.7334181), (32.9263602, -83.7350165), (32.9248099, -83.7318999), (32.9181598, -83.7312821), (32.9165276, -83.7326241), (32.9213456, -83.730021), (32.9209942, -83.7184232), (32.9259106, -83.7186334), (32.9265579, -83.7158529), (32.9278977, -83.7142636)]"
11061,C,2026-01-08T18:46:05,2026-01-08T19:04:14,32.9288327,-83.7130334,32.8539503,-83.6569281,6.4051,driving,"[(32.9235857, -83.7123006), (32.8922922, -83.6789668), (32.8743804, -83.6640029), (32.8568027, -83.6628444), (32.8539503, -83.6569281)]"
11062,C,2026-01-08T20:54:58,2026-01-08T21:02:19,32.853761,-83.6569337,32.8355802,-83.6259662,2.7913,driving,"[(32.853761, -83.6569337), (32.8534511, -83.653467), (32.855555, -83.6454018), (32.8515316, -83.6436348), (32.8355802, -83.6259662)]"
11063,C,2026-01-09T00:16:32,2026-01-09T00:33:27,32.8377375,-83.621154,32.8998264,-83.7038104,6.6046,driving,"[(32.8358969, -83.6262638), (32.8377375, -83.621154), (32.8908489, -83.6771581), (32.8998264, -83.7038104)]"
11064,C,2026-01-09T00:58:45,2026-01-09T01:11:30,32.8990656,-83.7061624,32.9165196,-83.7317294,4.4384,driving,"[(32.9002297, -83.7044604), (32.8990656, -83.7061624), (32.9039419, -83.7164789), (32.9179314, -83.7203748), (32.9280288, -83.7165779), (32.9290477, -83.7128226), (32.9209057, -83.71833), (32.9187016, -83.7212042), (32.9218016, -83.7296608)]"
11065,C,2026-01-09T17:36:37,2026-01-09T17:51:18,32.9163655,-83.732467,32.8355307,-83.6254751,10.5769,driving,"[(32.916434, -83.7325881), (32.923498, -83.7284944), (32.9261264, -83.7344761), (32.9262937, -83.7280845), (32.8983026, -83.6825775), (32.8395177, -83.6200926), (32.8355307, -83.6254751)]"
11066,C,2026-01-09T20:49:25,2026-01-09T20:56:25,32.8360419,-83.6254131,32.8350092,-83.6472572,1.7458,driving,"[(32.8356075, -83.6240742), (32.8345996, -83.626252), (32.8291875, -83.6308235), (32.8294289, -83.6353385), (32.8347992, -83.6487118)]"
11067,C,2026-01-10T02:41:54,2026-01-10T02:57:18,32.8346725,-83.6463546,32.9169783,-83.7313427,10.1884,driving,"[(32.8353119, -83.6482798), (32.8365348, -83.6440242), (32.8395834, -83.6427646), (32.8407964, -83.6450258), (32.8559759, -83.6405913), (32.9177297, -83.7058253), (32.9287775, -83.730772), (32.9265328, -83.7347302), (32.9244718, -83.7297004), (32.9218169, -83.7295651), (32.9204051, -83.7314113), (32.9165191, -83.7325859)]"
11068,C,2026-01-10T19:00:44,2026-01-10T19:46:14,32.9163781,-83.7324489,33.3447812,-84.1832204,45.2694,driving,"[(32.9166006, -83.7323166), (32.9209038, -83.730872), (32.9226924, -83.7277484), (32.9267029, -83.7342848), (32.9288723, -83.730604), (32.9402914, -83.7608883), (32.9430973, -83.787312), (32.9732702, -83.8273051), (32.9840054, -83.8337344), (33.0408539, -83.9339705), (33.0820892, -83.989803), (33.1310068, -84.0129147), (33.2222722, -84.0724222), (33.3193558, -84.1197425), (33.3530482, -84.1240463), (33.3506295, -84.1386336), (33.352268, -84.1492524), (33.3621451, -84.1772736), (33.3605837, -84.1794386), (33.351233, -84.1792543), (33.3447812, -84.1832204)]"
11069,C,2026-01-10T19:55:51,2026-01-10T21:27:50,33.3450866,-84.1821737,33.6408373,-84.4168319,33.0637,driving,"[(33.3450866, -84.1821737), (33.3468155, -84.180442), (33.3810868, -84.178597), (33.3899042, -84.1736724), (33.397815, -84.1740168), (33.4055712, -84.1712376), (33.4118434, -84.1603274), (33.4601613, -84.2088777), (33.4999213, -84.2248109), (33.5457261, -84.2755822), (33.5857478, -84.379159), (33.6273502, -84.400202), (33.6386949, -84.4006192), (33.6441438, -84.3959911), (33.6403524, -84.3988964), (33.6414166, -84.4195731), (33.6409442, -84.4140511), (33.6415464, -84.4187682), (33.6410121, -84.412491), (33.640749, -84.4191779), (33.6415375, -84.4159072), (33.6403446, -84.4104619), (33.6411106, -84.4151327), (33.6406853, -84.4188729), (33.6415588, -84.4122836), (33.6418196, -84.4251783), (33.6413134, -84.4196048), (33.6411871, -84.4125286), (33.6414535, -84.4195241), (33.6407185, -84.4002953), (33.6547563, -84.3952908), (33.7017646, -84.4039615), (33.7422319, -84.3906328), (33.7450837, -84.3877087), (33.7501687, -84.3866868), (33.7544882, -84.3822931), (33.7580879, -84.3822051), (33.7587928, -84.3797361), (33.7706779, -84.3900106), (33.7813757, -84.3905526)]"
11070,C,2026-01-10T22:33:15,2026-01-10T22:39:33,33.7788361,-84.3888694,33.7740293,-84.3831885,0.7193,driving,"[(33.7763431, -84.3887008), (33.7741481, -84.3848386), (33.7734539, -84.3817494)]"
11071,C,2026-01-11T00:37:19,2026-01-11T00:56:48,33.7737562,-84.3830355,33.8019558,-84.3966239,3.5743,driving,"[(33.7737758, -84.385549), (33.7759438, -84.3891503), (33.7701149, -84.3897333), (33.7918893, -84.3899841), (33.7942842, -84.3877106), (33.7976981, -84.3895211), (33.7987425, -84.3913418), (33.8026292, -84.3926294)]"
11072,C,2026-01-11T02:03:44,2026-01-11T02:11:26,33.8023225,-84.3946826,33.7805686,-84.3890271,1.6839,driving,"[(33.8023225, -84.3946826), (33.7910983, -84.3892226), (33.7805686, -84.3890271)]"
11073,C,2026-01-11T15:37:07,2026-01-11T15:45:22,33.7759178,-84.3901328,33.777133,-84.4082375,1.819,driving,"[(33.7716347, -84.3888889), (33.7702333, -84.4044323), (33.777133, -84.4082375)]"
11074,C,2026-01-11T15:52:22,2026-01-11T16:10:34,33.7761378,-84.4072292,33.8828038,-84.2675302,13.142,driving,"[(33.7692943, -84.3987023), (33.7644836, -84.3972795), (33.7646515, -84.3905576), (33.7992452, -84.3917639), (33.8476109, -84.3043226), (33.8780625, -84.2714516), (33.8811641, -84.2694106)]"
11075,C,2026-01-11T18:32:18,2026-01-11T18:40:42,33.8829586,-84.2676804,33.9090585,-84.2877614,3.5847,driving,"[(33.8781202, -84.2712605), (33.8821411, -84.2699419), (33.8895111, -84.2621837), (33.8958763, -84.2638353), (33.9033071, -84.2732579), (33.9101359, -84.2860925)]"
11076,C,2026-01-11T20:28:49,2026-01-11T21:18:20,33.9093191,-84.2877531,33.7761748,-84.3888271,16.7488,driving,"[(33.9093191, -84.2877531), (33.9104514, -84.2855149), (33.8919795, -84.2618627), (33.8448233, -84.3062605), (33.8213797, -84.3605079), (33.8130632, -84.3677536), (33.7984657, -84.3930347), (33.7935438, -84.393558), (33.7822907, -84.39196), (33.7816066, -84.4109432), (33.7771381, -84.4084998), (33.7805047, -84.4074656), (33.7814256, -84.4049227), (33.7817148, -84.3945443), (33.7819205, -84.389963), (33.7780169, -84.3889513), (33.7761748, -84.3888271)]"
11077,C,2026-01-12T20:28:30,2026-01-12T20:35:06,33.7752302,-84.3892837,33.7747602,-84.3828937,0.5719,driving,"[(33.7752302, -84.3892837), (33.7749833, -84.385861), (33.7746342, -84.3815967), (33.7739606, -84.3837979)]"
11078,C,2026-01-12T22:35:48,2026-01-12T22:44:27,33.7740954,-84.3829295,33.7763894,-84.3887713,0.8648,driving,"[(33.7740954, -84.3829295), (33.7736869, -84.3854129), (33.7750682, -84.3873868), (33.7790039, -84.3872999), (33.7763894, -84.3887713)]"
11079,C,2026-01-13T16:07:37,2026-01-13T16:23:37,33.7750949,-84.3894499,33.8153104,-84.3116403,8.1678,driving,"[(33.7750949, -84.3894499), (33.7718113, -84.3889382), (33.7966955, -84.3933276), (33.822631, -84.3575275), (33.8312686, -84.3361371), (33.8300804, -84.3331514), (33.8273167, -84.3291699), (33.8217018, -84.3153596), (33.8171193, -84.3116489)]"
11080,C,2026-01-13T18:19:45,2026-01-13T18:41:07,33.8155521,-84.3102802,33.776276,-84.3888683,7.5624,driving,"[(33.8146119, -84.3114331), (33.8131327, -84.3099243), (33.8269854, -84.3266455), (33.8274943, -84.3294001), (33.8303887, -84.3332239), (33.8312957, -84.338172), (33.8225015, -84.3590019), (33.8146241, -84.3652349), (33.7997154, -84.3916773), (33.7925175, -84.3931515), (33.7814766, -84.3911772), (33.7807615, -84.3890232), (33.776276, -84.3888683)]"
11081,C,2026-01-13T21:21:00,2026-01-13T21:59:46,33.7803337,-84.3888959,33.8399248,-84.3209779,13.978,driving,"[(33.7803337, -84.3888959), (33.7823371, -84.3879551), (33.7883262, -84.3880019), (33.8002249, -84.3890742), (33.8220215, -84.3562138), (33.8418295, -84.3082955), (33.8780658, -84.2743274), (33.8422785, -84.3118428)]"
11082,C,2026-01-13T22:20:23,2026-01-13T22:35:54,33.8394741,-84.3213364,33.8830938,-84.2677114,4.556,driving,"[(33.8395879, -84.3152223), (33.8406229, -84.3085688), (33.8773017, -84.2749689), (33.8781872, -84.2709267)]"
11083,C,2026-01-14T03:02:12,2026-01-14T03:17:13,33.8833004,-84.2676803,33.7801925,-84.3890496,10.6938,driving,"[(33.8507179, -84.3020606), (33.8245259, -84.3563178), (33.7967372, -84.3927461), (33.7848151, -84.3901053), (33.7814196, -84.3907229), (33.7801925, -84.3890496)]"
11084,C,2026-01-14T20:33:04,2026-01-14T20:37:00,33.7751126,-84.3894395,33.7741004,-84.3832382,0.3714,driving,"[(33.7750345, -84.3855027), (33.7741004, -84.3832382)]"
11085,C,2026-01-14T22:32:00,2026-01-14T22:34:39,33.7737491,-84.3846051,33.7759189,-84.3886697,0.3029,driving,"[(33.7737491, -84.3846051), (33.7749431, -84.387293)]"
11086,C,2026-01-15T21:54:33,2026-01-15T22:34:27,33.7764556,-84.3902686,33.974303,-84.4696891,17.6896,driving,"[(33.7764556, -84.3902686), (33.7851552, -84.390535), (33.7959553, -84.3928136), (33.801435, -84.4005072), (33.8039683, -84.4098891), (33.8095752, -84.4182769), (33.8569658, -84.4326347), (33.9068957, -84.4760756), (33.9342616, -84.4932544), (33.9409579, -84.5025759), (33.9447437, -84.4987113), (33.9587531, -84.4959444), (33.962596, -84.4945356), (33.9713148, -84.4875383), (33.9740756, -84.4812192), (33.9751407, -84.4723322), (33.9780345, -84.4656853), (33.974303, -84.4696891)]"
11087,C,2026-01-15T23:41:50,2026-01-15T23:56:32,33.9734983,-84.4699723,33.9493676,-84.5199279,4.1258,driving,"[(33.9734983, -84.4699723), (33.9749148, -84.4681811), (33.976775, -84.4681427), (33.9737387, -84.4847014), (33.951089, -84.508967), (33.9509547, -84.5203643)]"
11088,C,2026-01-16T00:56:02,2026-01-16T01:22:24,33.9487614,-84.5196251,33.7810459,-84.3891297,14.6047,driving,"[(33.9421668, -84.5159662), (33.9392999, -84.5085757), (33.9390383, -84.5018293), (33.9328464, -84.4923495), (33.8997432, -84.4717772), (33.8592689, -84.4347832), (33.8093431, -84.4185981), (33.8037231, -84.4106368), (33.8007914, -84.3992574), (33.7874669, -84.3919151), (33.7817029, -84.3915796), (33.7796587, -84.3889332)]"
11089,C,2026-01-16T01:46:09,2026-01-16T01:56:23,33.7759061,-84.3892256,33.7760096,-84.3887706,0.1306,driving,"[(33.7759061, -84.3892256), (33.779928, -84.3881408)]"
11090,C,2026-01-16T17:13:07,2026-01-16T17:29:55,33.7753312,-84.3887823,33.8880578,-84.4734408,11.2315,driving,"[(33.7697795, -84.3890328), (33.7946654, -84.391259), (33.8012196, -84.399605), (33.8044661, -84.4113195), (33.8120673, -84.4197859), (33.856247, -84.4322391), (33.8915672, -84.4615088), (33.8854032, -84.4696738)]"
11091,C,2026-01-16T19:16:36,2026-01-16T19:55:06,33.8901031,-84.4703899,33.7797179,-84.3893394,12.9658,driving,"[(33.8888141, -84.473333), (33.8931017, -84.4665196), (33.9008201, -84.4751863), (33.8596997, -84.4351383), (33.8108526, -84.4194907), (33.8059206, -84.4147986), (33.7991905, -84.3965911), (33.7879727, -84.3916151), (33.7715203, -84.3907116), (33.7689058, -84.3927266), (33.7767107, -84.3921065), (33.7791706, -84.3905379), (33.7797179, -84.3893394)]"
11092,C,2026-01-16T20:22:11,2026-01-16T20:29:20,33.7795585,-84.3890289,33.775452,-84.3885364,0.3416,driving,"[(33.7774685, -84.3889524), (33.775452, -84.3885364)]"
11093,C,2026-01-16T21:10:45,2026-01-16T21:49:15,33.7758823,-84.3900174,34.0205931,-84.5674812,21.1706,driving,"[(33.7758823, -84.3900174), (33.7910296, -84.3905734), (33.797652, -84.3951677), (33.8060214, -84.4142881), (33.81554, -84.4212973), (33.8564885, -84.4323186), (33.9244199, -84.4862396), (33.9333005, -84.4923126), (33.9483171, -84.515186), (33.9584013, -84.5170505), (33.9824824, -84.5399047), (33.9970449, -84.5597851), (33.9991095, -84.561075), (34.0138694, -84.557251), (34.0149851, -84.561803), (34.0200895, -84.560033), (34.0217844, -84.5677368)]"
11094,C,2026-01-16T23:45:43,2026-01-17T00:00:25,34.0214882,-84.5680228,33.9223017,-84.4828522,8.9341,driving,"[(34.0214882, -84.5680228), (34.014377, -84.5672583), (34.0123295, -84.5651664), (34.0094219, -84.568532), (33.9935044, -84.5559028), (33.9625973, -84.5210386), (33.9460259, -84.512751), (33.933513, -84.4930399), (33.9229965, -84.486494), (33.9223017, -84.4828522)]"
11095,C,2026-01-17T00:03:55,2026-01-17T00:27:43,33.9227841,-84.4857035,33.7741375,-84.383167,12.6326,driving,"[(33.9225152, -84.4826141), (33.9227841, -84.4857035), (33.9024026, -84.4740979), (33.8508134, -84.4311772), (33.8103231, -84.4191891), (33.8040973, -84.4114613), (33.8010082, -84.4001811), (33.7963401, -84.3949248), (33.7872505, -84.3919244), (33.7814784, -84.3912937), (33.7815795, -84.3825342)]"
11096,C,2026-01-17T02:06:03,2026-01-17T02:08:14,33.773721,-84.3849271,33.7757666,-84.3888913,0.268,driving,"[(33.773721, -84.3849271), (33.7757666, -84.3888913)]"
11097,C,2026-01-17T20:57:36,2026-01-17T20:59:57,33.7795812,-84.3892771,33.7804142,-84.3878255,0.1013,driving,"[(33.7771381, -84.3903978), (33.7795812, -84.3892771)]"
11098,C,2026-01-17T23:26:44,2026-01-17T23:51:56,33.7794611,-84.3882542,33.9187457,-84.3504071,16.5392,driving,"[(33.7794611, -84.3882542), (33.7807276, -84.3906645), (33.7903232, -84.3905988), (33.7963758, -84.3937202), (33.8016022, -84.4015947), (33.8042356, -84.4106373), (33.8110808, -84.4191924), (33.8610049, -84.4358471), (33.8860417, -84.4565895), (33.8934044, -84.4540709), (33.9002531, -84.4456908), (33.9047691, -84.4344055), (33.9158139, -84.4158131), (33.9097017, -84.3619369), (33.9189657, -84.3626118), (33.9187457, -84.3504071)]"
11099,C,2026-01-18T05:45:33,2026-01-18T06:14:49,33.918503,-84.34833,33.7759112,-84.3891042,14.3121,driving,"[(33.918503, -84.34833), (33.9205006, -84.3432024), (33.9201459, -84.3392082), (33.9168178, -84.3434334), (33.9136915, -84.3547184), (33.8878632, -84.3651557), (33.8547559, -84.3699366), (33.8362864, -84.3596035), (33.816114, -84.3637209), (33.7980565, -84.393305), (33.7817167, -84.3917029), (33.7816081, -84.4081249), (33.7817214, -84.3932088), (33.7801476, -84.3890031)]"
11100,C,2026-01-18T20:02:12,2026-01-18T20:28:06,33.7759026,-84.3901365,34.0218132,-84.5680181,20.7495,driving,"[(33.7933796, -84.3906987), (33.8006877, -84.3980163), (33.8042091, -84.4107331), (33.8122867, -84.4199319), (33.8551211, -84.4318809), (33.9315236, -84.4905431), (33.9464478, -84.5128858), (33.9571189, -84.5165477), (33.9994606, -84.5614623), (34.0106648, -84.5662018), (34.0168117, -84.5683426), (34.0218132, -84.5680181)]"
11101,C,2026-01-18T23:06:36,2026-01-18T23:10:59,34.0218465,-84.567985,34.0371942,-84.5695414,1.0914,driving,"[(34.0218465, -84.567985), (34.0251319, -84.5675893), (34.034119, -84.5705318)]"
11102,C,2026-01-18T23:44:33,2026-01-19T00:06:56,34.0365431,-84.5689121,33.9738642,-84.4699417,10.408,driving,"[(34.0365431, -84.5689121), (34.0247434, -84.5668267), (34.0210033, -84.5684989), (34.0181287, -84.5687062), (34.0128728, -84.565665), (34.0107144, -84.5662699), (34.0093625, -84.5685437), (33.9618985, -84.5212088), (33.9621176, -84.5145022), (33.9643961, -84.5103775), (33.964838, -84.5001402), (33.9601378, -84.4973346), (33.9738532, -84.4839467), (33.9761716, -84.4679116)]"
11103,C,2026-01-19T04:10:47,2026-01-19T04:35:59,33.9735237,-84.4700798,33.7764474,-84.3888319,17.6661,driving,"[(33.9735237, -84.4700798), (33.9747328, -84.4683801), (33.9768668, -84.4681402), (33.9725368, -84.4868381), (33.9601066, -84.4979714), (33.9563951, -84.4969248), (33.9432814, -84.5001891), (33.9400243, -84.5044806), (33.9350406, -84.4952805), (33.8584407, -84.4339821), (33.8124089, -84.4202748), (33.8043923, -84.4119274), (33.8009523, -84.399825), (33.7932589, -84.393761), (33.7868498, -84.3919216), (33.7817276, -84.3915696), (33.7814398, -84.3893271)]"
11104,C,2026-01-19T18:04:39,2026-01-19T18:20:03,33.7749828,-84.3888522,33.8839339,-84.2682817,11.8144,driving,"[(33.7759068, -84.3899762), (33.7707, -84.3889199), (33.7981524, -84.3927589), (33.8144484, -84.3650328), (33.8224638, -84.3579517), (33.8418981, -84.3082029), (33.8782091, -84.2707605), (33.8839339, -84.2682817)]"
11105,C,2026-01-19T19:25:42,2026-01-19T19:41:06,33.8838404,-84.2680989,33.9273309,-84.351588,8.4533,driving,"[(33.8838404, -84.2680989), (33.8812959, -84.2704525), (33.8780671, -84.2709576), (33.8943687, -84.2617699), (33.9162325, -84.2894553), (33.9204635, -84.3011213), (33.9148481, -84.3511901), (33.9273309, -84.351588), (33.9275265, -84.3518405)]"
11106,C,2026-01-19T21:16:21,2026-01-19T21:38:45,33.9278061,-84.3537679,33.9740482,-84.4698122,9.4205,driving,"[(33.9305172, -84.3564641), (33.9303815, -84.3602421), (33.9350047, -84.3634969), (33.9365401, -84.3669007), (33.9359344, -84.3922814), (33.950492, -84.4113224), (33.9754061, -84.414859), (33.9783425, -84.4177839), (33.9820783, -84.4267062), (33.9779501, -84.4387824), (33.9791991, -84.4630187), (33.9763718, -84.4679129)]"
11107,C,2026-01-20T00:06:48,2026-01-20T00:34:48,33.9735513,-84.4700105,33.7759871,-84.3890372,17.7356,driving,"[(33.9735513, -84.4700105), (33.9768673, -84.4681036), (33.9735209, -84.4854839), (33.9601382, -84.4981294), (33.9558308, -84.4969538), (33.9463305, -84.4988762), (33.9409992, -84.5047971), (33.9348056, -84.4948377), (33.8632363, -84.438181), (33.8534431, -84.4316089), (33.8120464, -84.4200798), (33.8042816, -84.4116566), (33.8010615, -84.4002773), (33.7955086, -84.3943816), (33.7814835, -84.3914123), (33.7809041, -84.3890154)]"
11108,C,2026-01-21T02:36:03,2026-01-21T02:49:31,33.7741111,-84.383155,33.7819638,-84.4080048,1.8627,driving,"[(33.7740497, -84.387265), (33.7794712, -84.3873537), (33.7795541, -84.3900654), (33.7816523, -84.393108)]"
11109,C,2026-01-21T03:32:33,2026-01-21T04:00:19,33.7824459,-84.4081499,33.9603075,-84.1391823,20.7858,driving,"[(33.7824459, -84.4081499), (33.7936975, -84.4074353), (33.8023064, -84.3985708), (33.8394905, -84.3145927), (33.9015622, -84.2438495), (33.9441682, -84.1488174), (33.9483213, -84.137742), (33.9552946, -84.1420301), (33.9603075, -84.1391823)]"
11110,C,2026-01-21T04:33:50,2026-01-21T04:55:41,33.9602918,-84.1391523,33.7799234,-84.388848,19.7045,driving,"[(33.9602918, -84.1391523), (33.9432259, -84.1508932), (33.9015622, -84.2438495), (33.8359622, -84.3273965), (33.7889295, -84.3917986), (33.7818337, -84.391573)]"
11111,C,2026-01-22T00:58:50,2026-01-22T01:15:07,33.7798616,-84.389118,33.7769056,-84.3528513,2.453,driving,"[(33.7798616, -84.389118), (33.7815403, -84.3804948), (33.7822211, -84.3547603), (33.7769056, -84.3528513)]"
11112,C,2026-01-22T02:49:02,2026-01-22T03:07:45,33.7766557,-84.3529313,33.779536,-84.3895439,6.3129,driving,"[(33.7737916, -84.3597172), (33.7630559, -84.3634463), (33.7602053, -84.3711604), (33.7577522, -84.3726611), (33.7741345, -84.3854275), (33.7571486, -84.3822813), (33.7754583, -84.3902373), (33.781241, -84.389323)]"
11113,C,2026-01-22T15:35:05,2026-01-22T16:02:15,33.7795393,-84.3888581,33.8729565,-84.3357905,8.5678,driving,"[(33.7937269, -84.3877222), (33.7943082, -84.3914917), (33.8046054, -84.3825988), (33.8128877, -84.367791), (33.8238515, -84.3581536), (33.8238504, -84.3499089), (33.8331851, -84.3398615), (33.8393756, -84.3425728), (33.843401, -84.3402066), (33.863165, -84.3384474), (33.8724649, -84.3336372), (33.8712882, -84.3355377), (33.8729565, -84.3357905)]"
11114,C,2026-01-22T17:11:15,2026-01-22T17:40:49,33.8718706,-84.3363382,33.7795555,-84.3902284,7.9845,driving,"[(33.8691801, -84.3349923), (33.8589784, -84.3410632), (33.8336414, -84.3405734), (33.8019815, -84.3848887), (33.8008305, -84.3906562), (33.7823345, -84.3891909)]"
11115,C,2026-01-22T18:42:54,2026-01-22T19:09:30,33.7766562,-84.3902647,33.9100176,-84.2864719,13.7892,driving,"[(33.7766562, -84.3902647), (33.7863304, -84.3903508), (33.7866592, -84.3878963), (33.7950402, -84.3882246), (33.7991033, -84.391428), (33.8367221, -84.3252334), (33.8402222, -84.314172), (33.8938209, -84.2608897), (33.9033895, -84.2733495), (33.9100176, -84.2864719)]"
11116,C,2026-01-22T19:41:06,2026-01-22T19:48:06,33.9097835,-84.287405,33.9055684,-84.2735168,1.1987,driving,"[(33.9087977, -84.2827716), (33.9026291, -84.2747042), (33.9043853, -84.2722816), (33.9055684, -84.2735168)]"
11117,C,2026-01-22T20:01:14,2026-01-22T20:11:44,33.9044983,-84.2725389,33.8829796,-84.26769,2.8107,driving,"[(33.9030012, -84.2739472), (33.9010827, -84.2733488), (33.8924458, -84.262157), (33.8795654, -84.2730889), (33.8779718, -84.2712905)]"
11118,C,2026-01-22T22:40:14,2026-01-22T23:18:50,33.8842737,-84.2675943,33.7807257,-84.3890406,11.2251,driving,"[(33.8852856, -84.2676633), (33.8835039, -84.2682491), (33.8811415, -84.2685781), (33.8796553, -84.2707495), (33.8789723, -84.2731128), (33.8410068, -84.3104755), (33.8216668, -84.3602113), (33.8140069, -84.3660904), (33.804945, -84.3832399), (33.8000789, -84.3910963), (33.7965446, -84.3938401), (33.7823742, -84.391551)]"
11119,C,2026-01-22T23:50:32,2026-01-22T23:59:38,33.7813473,-84.3878464,33.7778908,-84.4090305,1.5681,driving,"[(33.7794666, -84.3878296), (33.7813473, -84.3878464), (33.7815691, -84.4057492), (33.781571, -84.4102497), (33.779751, -84.4103682)]"
11120,C,2026-01-23T04:14:58,2026-01-23T04:24:04,33.7778474,-84.4090616,33.7759186,-84.3886782,1.9713,driving,"[(33.7778474, -84.4090616), (33.7760294, -84.4072069), (33.7738027, -84.4088668), (33.7702886, -84.4047771), (33.7712309, -84.3890247), (33.7744421, -84.387382), (33.7759186, -84.3886782)]"
11121,C,2026-01-23T18:08:06,2026-01-23T18:24:43,33.7751555,-84.3900085,33.8825067,-84.2673367,11.8359,driving,"[(33.7697689, -84.3890859), (33.7973856, -84.3931256), (33.8374476, -84.3238768), (33.8404478, -84.3122215)]"
11122,C,2026-01-23T22:17:27,2026-01-23T22:29:21,33.8827856,-84.2675586,33.8465873,-84.2500442,4.5153,driving,"[(33.8813491, -84.2697382), (33.8780882, -84.270918), (33.877493, -84.2688039), (33.8741837, -84.2702747), (33.8704232, -84.2651386), (33.8721062, -84.2573421), (33.8752758, -84.2546937), (33.8724811, -84.2513059), (33.859555, -84.2530932), (33.855539, -84.258806), (33.8522835, -84.2587959), (33.8514093, -84.2516634), (33.8480478, -84.249378), (33.8467544, -84.2522559)]"
11123,C,2026-01-23T23:13:28,2026-01-23T23:25:22,33.8468324,-84.2535968,33.8824313,-84.2674803,4.3899,driving,"[(33.8500178, -84.2593808), (33.8557814, -84.2646947), (33.8552476, -84.2809293), (33.8641676, -84.288104), (33.8782203, -84.2723325), (33.8824313, -84.2674803)]"
11124,C,2026-01-24T01:42:08,2026-01-24T01:59:38,33.8813867,-84.2683905,33.7761559,-84.3888952,11.1781,driving,"[(33.8815859, -84.2701263), (33.878145, -84.2709103), (33.8407703, -84.3112946), (33.8212244, -84.3605984), (33.8134088, -84.3670466), (33.796483, -84.3938502), (33.7814625, -84.3910278)]"
11125,C,2026-01-24T04:49:56,2026-01-24T04:57:06,33.7825527,-84.3893104,33.7542291,-84.3718214,2.3915,driving,"[(33.7825527, -84.3893104), (33.7706901, -84.3895396), (33.7566354, -84.3721247), (33.7542291, -84.3718214)]"
11126,C,2026-01-24T06:26:35,2026-01-24T06:33:08,33.7543024,-84.3722651,33.7803339,-84.3884508,2.4149,driving,"[(33.7543024, -84.3722651), (33.7666177, -84.3871393), (33.7819017, -84.3900033), (33.7803339, -84.3884508)]"
11127,C,2026-01-24T21:10:21,2026-01-24T21:13:52,33.7754279,-84.3895211,33.7741714,-84.3829808,0.3887,driving,"[(33.7754279, -84.3895211), (33.7741714, -84.3829808)]"
11128,C,2026-01-25T00:21:01,2026-01-25T00:24:39,33.7737571,-84.3848166,33.7796822,-84.3886432,0.5281,driving,"[(33.7753448, -84.3871897), (33.7789518, -84.3870627)]"
11129,C,2026-01-25T00:36:41,2026-01-25T00:51:31,33.7794692,-84.3890046,33.7795287,-84.389616,0.8884,driving,"[(33.7802247, -84.388942), (33.7793726, -84.3820463)]"
11130,C,2026-01-25T00:56:23,2026-01-25T01:04:05,33.7793076,-84.3896685,33.7842608,-84.4123355,1.4816,driving,"[(33.7808961, -84.39069), (33.7815805, -84.4083426), (33.7829217, -84.411642), (33.7842608, -84.4123355)]"
11131,C,2026-01-25T06:42:44,2026-01-25T07:04:34,33.7841793,-84.4131495,33.7759172,-84.3890383,2.7929,driving,"[(33.7841793, -84.4131495), (33.7815806, -84.4133748), (33.7815168, -84.4076921), (33.7814751, -84.3885822), (33.7816509, -84.3842272), (33.7795519, -84.3825939), (33.7795787, -84.3886766), (33.7768625, -84.3886529)]"
11132,C,2026-01-26T20:24:38,2026-01-26T20:48:07,33.7754279,-84.3895211,34.0208558,-84.5676871,20.672,driving,"[(33.7754279, -84.3895211), (33.7928343, -84.3906192), (33.80035, -84.3973562), (33.8038465, -84.409806), (33.812063, -84.4198087), (33.858921, -84.4340982), (33.939314, -84.5015806), (33.9464813, -84.513062), (33.9580773, -84.516982), (34.0056871, -84.5649943), (34.0208558, -84.5676871)]"
11133,C,2026-01-26T23:47:32,2026-01-27T00:00:31,34.021201,-84.5681889,34.0002369,-84.5908473,2.4237,driving,"[(34.0215757, -84.568745), (34.0122711, -84.5649907), (34.0029526, -84.581514)]"
11134,C,2026-01-27T00:43:20,2026-01-27T00:54:56,33.999722,-84.5912245,34.0210256,-84.568038,3.0098,driving,"[(33.998747, -84.5872273), (33.9942354, -84.5819918), (34.0014385, -84.581839), (34.0121462, -84.5654899)]"
11135,C,2026-01-27T02:57:32,2026-01-27T03:15:02,34.0205741,-84.5678734,33.9738799,-84.4699849,9.0802,driving,"[(34.0214135, -84.5680568), (34.0159881, -84.5683147), (34.012256, -84.5651142), (34.009269, -84.5687632), (33.9616157, -84.5210403), (33.9658171, -84.5044815), (33.9608173, -84.4986825), (33.9619375, -84.4953125), (33.970231, -84.4883101), (33.9739977, -84.4818921), (33.9758041, -84.4679409), (33.9738799, -84.4699849)]"
11136,C,2026-01-27T06:52:52,2026-01-27T07:00:14,33.9744587,-84.4693997,33.9506804,-84.5216422,3.829,driving,"[(33.9734736, -84.470164), (33.9765371, -84.4691553), (33.971382, -84.4876609), (33.9631431, -84.4938554), (33.9507805, -84.5123051), (33.9506804, -84.5216422)]"
11137,C,2026-01-27T07:02:56,2026-01-27T07:13:49,33.951254,-84.5216051,33.9735066,-84.4702835,3.7713,driving,"[(33.951254, -84.5216051), (33.9528059, -84.5058128), (33.9745754, -84.4779808), (33.9748156, -84.4686241)]"
11138,C,2026-01-27T19:12:10,2026-01-27T19:16:43,33.9735947,-84.4702041,33.9759183,-84.4788661,0.771,driving,"[(33.9735947, -84.4702041), (33.9759183, -84.4788661)]"
11139,C,2026-01-27T19:56:18,2026-01-27T20:01:10,33.9749575,-84.4798357,33.9732317,-84.4705192,0.715,driving,"[(33.9744093, -84.4693744), (33.9732317, -84.4705192)]"
11140,C,2026-01-27T23:29:40,2026-01-27T23:52:19,33.9735062,-84.4701767,34.022067,-84.5683571,8.4714,driving,"[(33.9735062, -84.4701767), (33.9748822, -84.4686702), (33.9719177, -84.4872419), (33.9660269, -84.4917132), (33.962667, -84.5179202), (33.9648268, -84.5252159), (33.999134, -84.5622026), (34.0118268, -84.5654272), (34.022067, -84.5683571)]"
11141,C,2026-01-28T01:21:49,2026-01-28T01:28:08,34.0213541,-84.5688035,34.0366853,-84.5457135,1.7716,driving,"[(34.0213541, -84.5688035), (34.0235372, -84.5672399), (34.0289199, -84.5572608), (34.0328181, -84.5553268), (34.0356861, -84.5469202)]"
11142,C,2026-01-28T03:37:02,2026-01-28T03:40:22,34.036566,-84.5459058,34.0390196,-84.5304245,1.1633,driving,"[(34.0369258, -84.5318015), (34.0390196, -84.5304245)]"
11143,C,2026-01-28T03:55:13,2026-01-28T03:58:38,34.0382158,-84.5304472,34.0367631,-84.5451995,1.1101,driving,"[(34.0357357, -84.5369888), (34.0352933, -84.5467874)]"
11144,C,2026-01-28T05:39:34,2026-01-28T05:57:52,34.03689,-84.5447526,33.9735989,-84.4701663,10.7529,driving,"[(34.03689, -84.5447526), (34.0353737, -84.5468616), (34.0375591, -84.5606107), (33.9993275, -84.5624325), (33.9639997, -84.5236812), (33.9591597, -84.4979902), (33.9719805, -84.4871546), (33.9749968, -84.4681944)]"
11145,C,2026-01-28T06:03:08,2026-01-28T06:10:43,33.9733421,-84.4701367,33.9508309,-84.4971078,3.0232,driving,"[(33.9753734, -84.4682285), (33.9740708, -84.4828658), (33.9592466, -84.4980849)]"
11146,C,2026-01-28T06:17:04,2026-01-28T06:34:34,33.9506311,-84.4981124,33.7775972,-84.3888162,14.5057,driving,"[(33.9442827, -84.4990116), (33.9407763, -84.5050992), (33.9287402, -84.4889906), (33.8719091, -84.4445449), (33.8529869, -84.4315508), (33.8113525, -84.4198036), (33.8040372, -84.4113332), (33.8006777, -84.3987959), (33.7814442, -84.390883)]"
11147,C,2026-01-29T01:04:15,2026-01-29T01:11:25,33.7740927,-84.3831367,33.7731373,-84.4029977,1.3866,driving,"[(33.7713172, -84.3847331), (33.7712731, -84.3961136), (33.7735768, -84.3988194), (33.7731373, -84.4029977)]"
11148,C,2026-01-29T02:08:34,2026-01-29T02:15:56,33.7734772,-84.4040184,33.7796635,-84.3889244,1.6724,driving,"[(33.7734772, -84.4040184), (33.7755929, -84.4067563), (33.7792398, -84.4071205), (33.7814596, -84.4016055), (33.7817611, -84.3893257)]"
11149,C,2026-01-30T01:16:04,2026-01-30T01:31:29,33.7730724,-84.3833628,33.7776199,-84.4094776,1.9667,driving,"[(33.7713805, -84.3844163), (33.7727108, -84.3873481), (33.7710507, -84.4058037), (33.7755566, -84.4073454), (33.7776199, -84.4094776)]"
11150,C,2026-01-30T01:35:03,2026-01-30T02:06:41,33.7764304,-84.4077613,33.95983,-84.1388356,21.8343,driving,"[(33.7735954, -84.4043847), (33.7735436, -84.3987344), (33.7713991, -84.3912629), (33.7848168, -84.3898072), (33.7935918, -84.3935674), (33.8396573, -84.3121649), (33.9099194, -84.2182734), (33.9137898, -84.2027676), (33.9468989, -84.1382715)]"
11151,C,2026-01-30T03:57:11,2026-01-30T04:29:32,33.961019,-84.1379564,33.779563,-84.3893943,22.0294,driving,"[(33.9586179, -84.1408821), (33.9519539, -84.1399864), (33.9434415, -84.1486431), (33.8957844, -84.2532376), (33.8881318, -84.2663756), (33.8460583, -84.3066638), (33.8007501, -84.3991478), (33.8036865, -84.4064653), (33.8017974, -84.4074262), (33.800521, -84.3980596), (33.7928091, -84.3940644), (33.7895287, -84.3890199), (33.7825967, -84.389111)]"
11152,C,2026-01-30T21:15:51,2026-01-30T21:36:51,33.77605,-84.3901677,33.8844882,-84.2675576,12.0595,driving,"[(33.77605, -84.3901677), (33.7699046, -84.3889625), (33.7983931, -84.3926152), (33.8490391, -84.3034784), (33.8782179, -84.2721861), (33.880978, -84.2706158)]"
11153,C,2026-01-31T03:11:27,2026-01-31T03:33:04,33.8832257,-84.2676855,33.7763067,-84.3888495,11.7842,driving,"[(33.8814597, -84.2698449), (33.8845282, -84.2684923), (33.8808602, -84.270737), (33.8781376, -84.270902), (33.8778641, -84.2741777), (33.8454111, -84.3059244), (33.8220359, -84.3597641), (33.8143155, -84.3656951), (33.7972856, -84.3936639), (33.781708, -84.391569), (33.7803016, -84.3889707), (33.7763067, -84.3888495)]"
11154,C,2026-02-01T20:43:57,2026-02-01T21:10:33,33.7767459,-84.390355,34.0211646,-84.5676887,20.606,driving,"[(33.7751318, -84.3895766), (33.7902201, -84.3905809), (33.7968762, -84.394408), (33.8069229, -84.4157479), (33.8949184, -84.464449), (33.9019366, -84.4734511), (33.9349186, -84.4945496), (33.9503527, -84.5161637), (33.96156, -84.5196578), (34.0062699, -84.5653012), (34.0100964, -84.5662578), (34.0115562, -84.5647566), (34.0147751, -84.5674536), (34.0211646, -84.5676887)]"
11155,C,2026-02-01T23:10:07,2026-02-01T23:30:25,34.0217378,-84.5678003,33.9735747,-84.4702349,9.3512,driving,"[(34.0161828, -84.5683432), (34.0117313, -84.5647532), (34.0093159, -84.5686366), (33.9935203, -84.5558449), (33.9615274, -84.519993), (33.9658242, -84.5045131), (33.9608884, -84.4986961), (33.973896, -84.4836249), (33.9768032, -84.4682343), (33.9735747, -84.4702349)]"
11156,C,2026-02-01T23:38:40,2026-02-01T23:43:34,33.9736795,-84.4702597,33.9683158,-84.4877672,1.7601,driving,"[(33.9736795, -84.4702597), (33.9752951, -84.4677682), (33.9743744, -84.4776285), (33.969813, -84.4779347), (33.9693524, -84.4848757)]"
11157,C,2026-02-02T02:01:52,2026-02-02T02:05:22,33.9677966,-84.4898103,33.9736052,-84.4702654,1.6348,driving,"[(33.9677966, -84.4898103), (33.9712388, -84.4875544), (33.9756352, -84.4711256), (33.9736052, -84.4702654)]"
11158,C,2026-02-02T02:11:09,2026-02-02T02:39:51,33.9742167,-84.4697372,33.7760375,-84.3890419,17.6624,driving,"[(33.976541, -84.4680054), (33.9717689, -84.4874277), (33.9605621, -84.4972192), (33.9579837, -84.4966451), (33.9440432, -84.4992188), (33.940926, -84.5049692), (33.9316383, -84.4911366), (33.9012891, -84.4732287), (33.8542834, -84.4319022), (33.8094992, -84.4186966), (33.8027163, -84.4079966), (33.7995571, -84.3969691), (33.7869055, -84.3919276), (33.7824754, -84.3915796), (33.7797402, -84.3888392)]"
11159,C,2026-02-02T23:07:07,2026-02-02T23:09:10,33.774817,-84.3847406,33.7740679,-84.3830726,0.1224,driving,"[(33.774817, -84.3847406), (33.7740679, -84.3830726)]"
11160,C,2026-02-03T03:02:34,2026-02-03T03:05:34,33.7737203,-84.3831265,33.7754776,-84.3889827,0.374,driving,"[(33.7737203, -84.3831265), (33.7738583, -84.3862956)]"
11161,C,2026-02-03T20:25:20,2026-02-03T21:15:41,33.7768453,-84.3903762,33.9735281,-84.4701165,17.3823,driving,"[(33.7859997, -84.3904488), (33.7939199, -84.3908227), (33.8009363, -84.3984837), (33.8033345, -84.4084339), (33.8095853, -84.4183763), (33.8565847, -84.4325299), (33.9238562, -84.4858539), (33.9330173, -84.4918149), (33.9400082, -84.5016795), (33.9446543, -84.4987885), (33.9605297, -84.496507), (33.968278, -84.4898222), (33.9715858, -84.487327), (33.9741205, -84.4802513), (33.9763253, -84.4677777), (33.973538, -84.470363), (33.9769051, -84.4680765), (33.974002, -84.4833255), (33.9621522, -84.4949573), (33.9642725, -84.5137147), (33.9800547, -84.5335228), (34.0123647, -84.565293)]"
11162,C,2026-02-04T00:04:56,2026-02-04T00:14:44,34.0218558,-84.5679307,34.0381164,-84.5298879,2.9093,driving,"[(34.0218558, -84.5679307), (34.0272239, -84.5678378), (34.0290879, -84.5609398), (34.0289582, -84.5571376), (34.0333197, -84.5556193), (34.0345282, -84.5530061), (34.0339571, -84.5505835), (34.0356369, -84.5328158)]"
11163,C,2026-02-04T00:26:27,2026-02-04T00:29:15,34.0385034,-84.530443,34.0363215,-84.5461032,1.0673,driving,"[(34.035863, -84.5320963), (34.0363215, -84.5461032)]"
11164,C,2026-02-04T03:42:09,2026-02-04T03:58:43,34.0361192,-84.5461856,33.9736009,-84.4702891,7.9202,driving,"[(34.0355495, -84.5377652), (34.0341111, -84.5311463), (34.0311641, -84.5278902), (34.0198622, -84.5279496), (34.0193042, -84.5119893), (34.0127604, -84.4936087), (34.0071821, -84.4878323), (34.0000805, -84.4863588), (33.9933007, -84.4888817), (33.9835941, -84.4863862), (33.980128, -84.4811315), (33.974471, -84.4796574), (33.9760452, -84.4701283), (33.9751278, -84.4679808)]"
11165,C,2026-02-04T04:05:03,2026-02-04T04:28:09,33.9739022,-84.469923,33.7761281,-84.3889773,17.648,driving,"[(33.9758793, -84.4679023), (33.9736691, -84.4850588), (33.9630152, -84.494349), (33.9609656, -84.4977767), (33.9434078, -84.4999634), (33.9403143, -84.5049233), (33.9353114, -84.4957303), (33.8597342, -84.4350663), (33.8126616, -84.4203988), (33.8042358, -84.4114906), (33.800867, -84.3994509), (33.7868355, -84.3919285), (33.7814445, -84.3908119), (33.7761281, -84.3889773)]"
11166,C,2026-02-06T00:34:25,2026-02-06T00:37:48,33.7737281,-84.3834179,33.7795309,-84.3879534,0.5543,driving,"[(33.7737281, -84.3834179), (33.7795309, -84.3879534)]"
11167,C,2026-02-07T00:17:33,2026-02-07T01:01:39,33.776571,-84.390292,34.0084375,-84.1315901,25.2868,driving,"[(33.7759327, -84.3891349), (33.7861848, -84.3903779), (33.7866408, -84.3880125), (33.7918047, -84.3877967), (33.7999775, -84.389621), (33.8140214, -84.3650668), (33.8205277, -84.3593896), (33.8415658, -84.3085533), (33.8891585, -84.2629141), (33.8950928, -84.2628933), (33.9107385, -84.283605), (33.9174212, -84.2841432), (33.9246004, -84.2792703), (33.9558161, -84.218244), (33.9671201, -84.1967445), (33.9675172, -84.184135), (33.9711726, -84.174562), (33.9818711, -84.1565268), (34.0015601, -84.1438618)]"
11168,C,2026-02-07T01:07:01,2026-02-07T01:09:49,34.0086049,-84.1299831,34.0213314,-84.1358986,1.0115,driving,"[(34.0160203, -84.1362925), (34.0189403, -84.1370183)]"
11169,C,2026-02-07T06:02:32,2026-02-07T06:34:44,34.0200168,-84.1368976,33.7770109,-84.3888196,26.0838,driving,"[(34.0216177, -84.1353304), (34.0200168, -84.1368976), (34.0150317, -84.1358633), (34.0092273, -84.1318641), (33.9953401, -84.1497287), (33.9816664, -84.1568676), (33.9523489, -84.1309762), (33.9112855, -84.2141595), (33.908733, -84.2292465), (33.8860024, -84.2672735), (33.845719, -84.3056482), (33.8229621, -84.3574778), (33.8142104, -84.3657928), (33.8015957, -84.3882034), (33.79463, -84.3937711), (33.7817136, -84.3915744), (33.7794376, -84.3888087)]"
11170,C,2026-02-07T20:45:16,2026-02-07T21:20:02,33.7766207,-84.3902867,33.8813831,-84.2683242,23.3796,driving,"[(33.7853516, -84.3905361), (33.7923528, -84.3905966), (33.7985692, -84.3957725), (33.8085726, -84.4175883), (33.8600702, -84.4350332), (33.8855739, -84.4561774), (33.8920774, -84.4559789), (33.9147972, -84.4204826), (33.9103407, -84.3604204), (33.9200739, -84.3296587), (33.9202261, -84.3013238), (33.9168598, -84.2904857), (33.8940068, -84.2633691), (33.8796314, -84.2730617), (33.8788998, -84.2705858), (33.8813831, -84.2683242), (33.8829248, -84.2677088)]"
11171,C,2026-02-08T00:37:42,2026-02-08T00:45:24,33.882759,-84.2675404,33.8939798,-84.2834315,2.1287,driving,"[(33.882759, -84.2675404), (33.8813511, -84.2697483), (33.8782927, -84.2707784), (33.8813722, -84.2760995), (33.8834339, -84.2820641), (33.8851869, -84.2842068), (33.8860545, -84.2879273), (33.8947822, -84.2822733)]"
11172,C,2026-02-08T02:06:42,2026-02-08T02:11:56,33.8944061,-84.2825041,33.9062649,-84.2698993,1.1516,driving,"[(33.8944061, -84.2825041), (33.9062649, -84.2698993)]"
11173,C,2026-02-08T02:39:36,2026-02-08T03:00:22,33.9062732,-84.2701549,33.775034,-84.3861732,13.3252,driving,"[(33.9062732, -84.2701549), (33.9028141, -84.2742094), (33.8957259, -84.2648598), (33.8890248, -84.2641283), (33.842488, -84.3079461), (33.8216695, -84.3602361), (33.814323, -84.3657116), (33.798972, -84.3926271), (33.7816213, -84.3915662), (33.7802137, -84.3889291), (33.7754051, -84.3886889), (33.775034, -84.3861732)]"
11174,C,2026-02-08T03:02:02,2026-02-08T03:07:38,33.7749263,-84.3860859,33.7887562,-84.3944656,1.2369,driving,"[(33.7773431, -84.3873052), (33.786707, -84.388593), (33.7871368, -84.3932842)]"
11175,C,2026-02-08T07:41:37,2026-02-08T07:46:31,33.7900186,-84.3935731,33.7759946,-84.3890611,1.0895,driving,"[(33.7900186, -84.3935731), (33.7865653, -84.3915444), (33.7858655, -84.3892669)]"
11176,C,2026-02-08T20:35:46,2026-02-08T20:52:29,33.7765316,-84.3908348,33.8016362,-84.4127769,2.5733,driving,"[(33.7795467, -84.3895969), (33.7765316, -84.3908348), (33.7818832, -84.3934627), (33.7815728, -84.4024784), (33.7828531, -84.4051691), (33.7866779, -84.4075238), (33.7979426, -84.4074009), (33.8016362, -84.4127769)]"
11177,C,2026-02-08T22:44:31,2026-02-08T23:00:36,33.8019255,-84.4130971,33.7798981,-84.3899934,2.5345,driving,"[(33.8019255, -84.4130971), (33.7999848, -84.4078483), (33.7871098, -84.4080676), (33.7845508, -84.4059543), (33.7813294, -84.3983654), (33.7819565, -84.3905806)]"
11178,C,2026-02-09T03:34:49,2026-02-09T03:38:27,33.7796177,-84.3894956,33.782342,-84.3891516,0.2849,driving,"[(33.7796177, -84.3894956), (33.7807641, -84.3874878), (33.782342, -84.3891516)]"
11179,C,2026-02-09T06:54:37,2026-02-09T07:00:16,33.783121,-84.3885153,33.7796241,-84.3893659,0.3483,driving,"[(33.783121, -84.3885153), (33.7796241, -84.3893659)]"
11180,C,2026-02-09T21:32:30,2026-02-09T21:41:36,33.7750993,-84.3892503,33.7770875,-84.4080509,1.7574,driving,"[(33.7750993, -84.3892503), (33.771426, -84.3889255), (33.7704218, -84.4047409), (33.7724286, -84.4079529), (33.7745644, -84.4081701)]"
11181,C,2026-02-09T21:45:48,2026-02-09T22:22:12,33.7765779,-84.4076604,33.9725396,-84.4531706,17.1941,driving,"[(33.7765779, -84.4076604), (33.7738668, -84.4053784), (33.773681, -84.40294), (33.7781236, -84.4072343), (33.7943031, -84.4078066), (33.8030769, -84.4066912), (33.8063219, -84.4147912), (33.8136491, -84.420559), (33.8613452, -84.4361463), (33.9167266, -84.4813755), (33.9225892, -84.4829197), (33.9239972, -84.4693175), (33.9239088, -84.466433), (33.9246411, -84.4642701), (33.9323076, -84.4609273), (33.9430007, -84.463398), (33.9467764, -84.4615852), (33.9555297, -84.4648723), (33.9672832, -84.4626796), (33.9680468, -84.4557154), (33.9725396, -84.4531706)]"
11182,C,2026-02-10T00:36:59,2026-02-10T00:47:29,33.9719486,-84.4514175,33.9239854,-84.4684769,4.0663,driving,"[(33.9725206, -84.4533965), (33.9690712, -84.4536967), (33.9672927, -84.4627862), (33.9538349, -84.4649712), (33.9482231, -84.4620076), (33.9399181, -84.4628289), (33.9324214, -84.4611113), (33.9257121, -84.463194), (33.9238334, -84.4697207)]"
11183,C,2026-02-10T00:59:32,2026-02-10T01:00:56,33.9232717,-84.4685326,33.9216257,-84.4680063,0.1177,driving,"[(33.9232717, -84.4685326), (33.9216257, -84.4680063)]"
11184,C,2026-02-10T02:22:15,2026-02-10T02:22:57,33.9212809,-84.4677566,33.9191871,-84.4678646,0.1448,driving,"[(33.9212809, -84.4677566), (33.9191871, -84.4678646)]"
11185,C,2026-02-10T02:29:15,2026-02-10T02:55:51,33.9201522,-84.4674615,33.7758928,-84.3886688,13.1825,driving,"[(33.9077939, -84.46506), (33.9048714, -84.4669206), (33.9030097, -84.471984), (33.9005522, -84.4733091), (33.8540228, -84.4319079), (33.812224, -84.420331), (33.8013998, -84.4083114), (33.7761314, -84.4071624), (33.7733166, -84.403945), (33.7725862, -84.3972107), (33.7712119, -84.3877212), (33.7752947, -84.387386)]"
11186,C,2026-02-10T16:18:42,2026-02-10T17:54:27,33.77588,-84.3889908,32.8190723,-83.6626869,88.5636,driving,"[(33.7796314, -84.389205), (33.77588, -84.3889908), (33.7717686, -84.3889236), (33.7711695, -84.3921337), (33.7688214, -84.3929383), (33.7689013, -84.3959459), (33.7646591, -84.3961113), (33.7646312, -84.3919827), (33.7662042, -84.3899613), (33.7652635, -84.3856277), (33.7589986, -84.3793352), (33.750913, -84.381204), (33.7450229, -84.3901626), (33.702331, -84.4040656), (33.657937, -84.3948374), (33.6340272, -84.4011801), (33.588321, -84.3836273), (33.5732118, -84.3326612), (33.5414156, -84.2679242), (33.501613, -84.2272862), (33.495937, -84.2221174), (33.4328574, -84.187761), (33.3529728, -84.1250629), (33.2558251, -84.0915538), (33.165583, -84.0399785), (33.1436661, -84.0277661), (33.1257358, -84.0071669), (33.0908826, -83.9973427), (33.0337096, -83.9192497), (32.9814423, -83.8323917), (32.9448007, -83.791682), (32.9398181, -83.7770015), (32.9365119, -83.7473638), (32.9022991, -83.6859952), (32.854939, -83.6407724), (32.8433299, -83.6441598), (32.823338, -83.6569927), (32.8142759, -83.6569412), (32.8190723, -83.6626869)]"
11187,C,2026-02-10T18:24:12,2026-02-10T18:31:12,32.8194792,-83.662682,32.8366306,-83.6323055,2.32,driving,"[(32.8199423, -83.6497428), (32.8295172, -83.6387169), (32.8366306, -83.6323055)]"
11188,C,2026-02-10T21:02:38,2026-02-10T21:15:56,32.8368917,-83.6333758,32.8977733,-83.6903954,5.7001,driving,"[(32.8368917, -83.6333758), (32.8397312, -83.6332896), (32.8436221, -83.6307481), (32.8807283, -83.6686891), (32.8907453, -83.6770624), (32.8964429, -83.689908)]"
11189,C,2026-02-10T21:55:36,2026-02-11T00:36:33,32.9164038,-83.7321963,32.9165036,-83.7323258,0.125,driving,"[(32.8972728, -83.6915881), (32.8987413, -83.7034751), (32.9045966, -83.7052062), (32.9139397, -83.7192478), (32.9187435, -83.7218048), (32.9233759, -83.7287037), (32.9164038, -83.7321963), (32.9202426, -83.7312712), (32.9233003, -83.7283113), (32.9268364, -83.7331704), (32.9297377, -83.7332284), (32.9398812, -83.7535119), (32.9400409, -83.7788598), (32.9745806, -83.8280848), (32.9847776, -83.8346965), (33.0389276, -83.9303567), (33.0798575, -83.9874928), (33.1270747, -84.0083518), (33.1459573, -84.0296763), (33.2341261, -84.0802597), (33.3295954, -84.1218776), (33.4016505, -84.1518113), (33.4580021, -84.2078259), (33.5027731, -84.2275132), (33.5446945, -84.2727028), (33.5849399, -84.3764218), (33.6040529, -84.3933806), (33.6392823, -84.4005753), (33.6627159, -84.3954229), (33.697588, -84.4046756), (33.7473451, -84.3867443), (33.7530364, -84.3788662), (33.7616572, -84.3808154), (33.7668274, -84.3875505), (33.7695785, -84.3891013), (33.7709243, -84.3874867), (33.7705214, -84.3921702)]"
11190,C,2026-02-11T00:43:41,2026-02-11T00:51:07,33.7687968,-84.3943138,33.7796659,-84.3877661,1.2363,driving,"[(33.7687968, -84.3943138), (33.7732681, -84.389394), (33.7711596, -84.3879669), (33.7747739, -84.3862651), (33.7796659, -84.3877661)]"
11191,C,2026-02-11T02:23:01,2026-02-11T02:33:33,33.7806813,-84.3881499,33.775959,-84.3882668,0.8458,driving,"[(33.7787932, -84.3886538), (33.7749375, -84.3876558)]"
11192,C,2026-02-11T21:42:47,2026-02-11T21:51:17,33.775656,-84.3887632,33.7751256,-84.389194,0.151,driving,"[(33.775656, -84.3887632), (33.7746455, -84.3861223), (33.7749481, -84.3829678)]"
11193,C,2026-02-11T23:49:46,2026-02-11T23:55:11,33.7737102,-84.3847341,33.7804435,-84.3877322,0.5698,driving,"[(33.7737102, -84.3847341), (33.7749202, -84.387445), (33.7804435, -84.3877322), (33.7805761, -84.3880426)]"
11194,C,2026-02-12T01:50:08,2026-02-12T02:09:44,33.7805469,-84.387457,33.9099319,-84.2868688,13.4773,driving,"[(33.7950832, -84.3882388), (33.7991245, -84.3914191), (33.8136658, -84.3655705), (33.8207075, -84.359261), (33.8469234, -84.3047331), (33.893524, -84.2605304), (33.9027454, -84.2726454), (33.9106227, -84.2854877)]"
11195,C,2026-02-12T03:49:23,2026-02-12T04:10:23,33.9092751,-84.2882577,33.7758894,-84.3891764,15.4395,driving,"[(33.9147866, -84.2854831), (33.9187273, -84.2925857), (33.9202713, -84.3305441), (33.9137271, -84.3538228), (33.8877704, -84.3651079), (33.8536145, -84.3699882), (33.8335671, -84.3597289), (33.8218969, -84.3605044), (33.8133864, -84.3672138), (33.7953472, -84.3938203), (33.7817323, -84.3916198), (33.7814177, -84.3892264), (33.7758894, -84.3891764)]"
11196,C,2026-02-12T23:54:24,2026-02-13T00:28:35,33.7755222,-84.3884962,34.0389243,-84.5305131,23.5335,driving,"[(33.7699402, -84.3888784), (33.7783744, -84.3919599), (33.7863415, -84.3904632), (33.7960778, -84.3934047), (33.8149925, -84.4220495), (33.9168171, -84.4832043), (33.9462034, -84.5115016), (33.9687357, -84.5230198), (33.9917712, -84.5522236), (34.0099785, -84.5583472), (34.0356436, -84.5546151), (34.0358054, -84.5330304)]"
11197,C,2026-02-13T00:45:58,2026-02-13T00:50:17,34.0390575,-84.5302047,34.0360896,-84.5450068,1.1907,driving,"[(34.0390575, -84.5302047), (34.0359389, -84.532886), (34.0354464, -84.5469528), (34.0360896, -84.5450068)]"
11198,C,2026-02-13T05:19:26,2026-02-13T05:47:25,34.0366276,-84.5450942,33.7796656,-84.3888797,22.1777,driving,"[(34.0348686, -84.5481658), (34.0369076, -84.5602226), (34.0004422, -84.5636733), (33.9336073, -84.4913553), (33.8473908, -84.4294189), (33.8161519, -84.4218715), (33.8019818, -84.4070391), (33.8001582, -84.3977312), (33.7845366, -84.3892129), (33.7796656, -84.3888797), (33.7765316, -84.3908348), (33.7798418, -84.3893764)]"
11199,C,2026-02-13T21:25:26,2026-02-13T21:42:56,33.7751089,-84.3891828,33.883021,-84.2676725,11.8298,driving,"[(33.7705775, -84.3889223), (33.7990986, -84.3919524), (33.8424607, -84.3074774)]"
11200,C,2026-02-14T01:57:09,2026-02-14T02:06:57,33.8834068,-84.2676213,33.8465543,-84.2501555,4.4505,driving,"[(33.881394, -84.2683779), (33.8883912, -84.2638565), (33.888733, -84.2579967), (33.8842662, -84.2576209), (33.8854839, -84.2542961), (33.8809079, -84.2500824), (33.8515535, -84.2467084), (33.8465329, -84.2493221)]"
11201,C,2026-02-14T02:40:35,2026-02-14T03:05:41,33.8466478,-84.2533869,33.7770376,-84.388916,12.2599,driving,"[(33.8466478, -84.2533869), (33.855176, -84.2679845), (33.8561494, -84.2820507), (33.8647935, -84.2889771), (33.8410757, -84.3105423), (33.8227666, -84.3585051), (33.8154291, -84.3643646), (33.8007548, -84.3898329), (33.7943502, -84.3937351), (33.7823285, -84.3915614), (33.7844474, -84.3900655)]"
11202,C,2026-02-14T18:35:00,2026-02-14T18:39:11,33.7759536,-84.3891293,33.7796219,-84.3885526,0.383,driving,"[(33.7759536, -84.3891293), (33.7789249, -84.3873819), (33.7796219, -84.3885526)]"
11203,C,2026-02-14T18:53:09,2026-02-14T19:28:51,33.7794287,-84.3888496,33.9578408,-84.0588512,25.7453,driving,"[(33.7735306, -84.3889137), (33.771499, -84.3888962), (33.7991615, -84.3920083), (33.8564484, -84.2949747), (33.9084877, -84.2296128), (33.9123139, -84.2069079), (33.9625585, -84.105623), (33.9603517, -84.0640444)]"
11204,C,2026-02-14T19:33:57,2026-02-14T20:18:45,33.9586254,-84.0590922,33.9129961,-83.396133,40.6762,driving,"[(33.9586254, -84.0590922), (33.9599567, -84.0565325), (33.9587627, -84.0435479), (33.9844388, -83.951383), (33.9873385, -83.936395), (33.9839867, -83.9276049), (33.9760643, -83.9193437), (33.9686323, -83.825654), (33.9386645, -83.7333553), (33.9403874, -83.7198331), (33.9511811, -83.6941939), (33.9522614, -83.6658083), (33.9610886, -83.638067), (33.9324648, -83.5320314), (33.9171725, -83.4812081), (33.9107738, -83.4642665), (33.9149347, -83.4065186), (33.9089442, -83.4021541), (33.9140342, -83.398157)]"
11205,C,2026-02-14T20:29:06,2026-02-14T20:42:42,33.9137792,-83.3970548,33.9528405,-83.3785508,3.3564,driving,"[(33.9137792, -83.3970548), (33.9194845, -83.3878607), (33.9220603, -83.3899309), (33.9342271, -83.3906661), (33.9387437, -83.3868448), (33.9481714, -83.3874185)]"
11206,C,2026-02-14T20:50:20,2026-02-14T20:53:43,33.9526017,-83.3778122,33.9581665,-83.3768611,0.4149,driving,"[(33.9526017, -83.3778122), (33.9581665, -83.3768611)]"
11207,C,2026-02-14T23:44:22,2026-02-14T23:49:33,33.958657,-83.3753496,33.9521813,-83.3630052,0.8384,driving,"[(33.958657, -83.3753496), (33.9521813, -83.3630052)]"
11208,C,2026-02-14T23:56:18,2026-02-15T00:21:26,33.9528718,-83.3786434,33.9118622,-83.3966321,3.8514,driving,"[(33.9546104, -83.367805), (33.9529845, -83.3699434), (33.952626, -83.3780638), (33.9541635, -83.3794933), (33.9570433, -83.3767773), (33.9530102, -83.376326), (33.9476865, -83.3780893), (33.9306877, -83.3928008), (33.9145486, -83.398655), (33.9118622, -83.3966321)]"
11209,C,2026-02-15T00:50:23,2026-02-15T01:01:37,33.9119587,-83.3966041,33.9444704,-83.3784621,2.8201,driving,"[(33.938475, -83.3869308), (33.9419936, -83.3851467), (33.9464452, -83.3784658)]"
11210,C,2026-02-15T01:07:02,2026-02-15T01:19:59,33.944321,-83.378488,33.9457326,-83.444155,3.9954,driving,"[(33.9441956, -83.3810168), (33.9524203, -83.3988353), (33.9446527, -83.4421785), (33.9457326, -83.444155)]"
11211,C,2026-02-15T03:16:20,2026-02-15T03:31:27,33.9457256,-83.4441138,33.9573929,-83.3799885,4.619,driving,"[(33.9447126, -83.4496591), (33.941192, -83.4457793), (33.9444517, -83.4404113), (33.9559387, -83.3841158), (33.9573929, -83.3799885)]"
11212,C,2026-02-15T08:16:52,2026-02-15T08:26:13,33.9445289,-83.3784815,33.9123979,-83.3968739,2.8931,driving,"[(33.9445289, -83.3784815), (33.9402691, -83.3859727), (33.9327307, -83.3918901), (33.9250839, -83.3910213), (33.920282, -83.3877815), (33.9134458, -83.3967222), (33.9123979, -83.3968739)]"
11213,C,2026-02-15T16:41:21,2026-02-15T16:51:51,33.9131114,-83.3961116,33.9477299,-83.3983867,3.7415,driving,"[(33.9141129, -83.3978348), (33.9203155, -83.3880859), (33.9241599, -83.3914622), (33.9327113, -83.3925861), (33.9377767, -83.4039535), (33.9419193, -83.4083301), (33.9453531, -83.4088458)]"
11214,C,2026-02-15T18:23:32,2026-02-15T18:46:28,33.9471005,-83.3991419,33.9134654,-83.3963727,7.9217,driving,"[(33.9471005, -83.3991419), (33.9456674, -83.4074228), (33.948339, -83.4093968), (33.9442317, -83.4393037), (33.9447636, -83.4433854), (33.9460684, -83.4450709), (33.944038, -83.4413257), (33.9449578, -83.43535), (33.9400244, -83.4322117), (33.9340814, -83.437087), (33.9317931, -83.4180352), (33.9192738, -83.4038319), (33.9165811, -83.3939921), (33.9143007, -83.397938), (33.911983, -83.3966669)]"
11215,C,2026-02-15T20:07:30,2026-02-15T21:06:18,33.9135512,-83.3964131,33.9610526,-84.1370235,47.7226,driving,"[(33.9119965, -83.396659), (33.9144114, -83.3977606), (33.9171068, -83.3947722), (33.9184327, -83.4019183), (33.9112509, -83.4438965), (33.9138962, -83.4489444), (33.9115014, -83.4560898), (33.9116697, -83.4664684), (33.9170592, -83.4772808), (33.9422788, -83.5614506), (33.9613854, -83.6363537), (33.9514203, -83.6766527), (33.9519951, -83.6905664), (33.9382612, -83.7314604), (33.9616617, -83.7952992), (33.9736612, -83.8856588), (33.9739561, -83.9113947), (33.9784921, -83.9215598), (33.9834045, -83.9265875), (33.987424, -83.9350258), (33.9786703, -83.9894814), (33.9762387, -84.0018634), (33.9599031, -84.0345579), (33.9646563, -84.0962831), (33.9781669, -84.087012), (33.9769988, -84.090612), (33.9769867, -84.0936528), (33.9701727, -84.0973305), (33.9624316, -84.1142452), (33.9657319, -84.1328246), (33.9642586, -84.139019), (33.9610526, -84.1370235)]"
11216,C,2026-02-15T21:48:42,2026-02-15T22:02:51,33.9621356,-84.1378906,34.0200957,-84.1364242,4.9596,driving,"[(33.9621356, -84.1378906), (33.9801248, -84.1554361), (33.9930169, -84.1516397), (34.0040405, -84.1401565), (34.007305, -84.1334407), (34.0103058, -84.132207), (34.0155207, -84.1360407)]"
11217,C,2026-02-16T03:49:28,2026-02-16T04:24:28,34.0213108,-84.1359614,33.7761582,-84.3889269,25.8347,driving,"[(34.0188922, -84.1370725), (34.0099247, -84.1321726), (34.0065813, -84.1349021), (34.0022169, -84.1433206), (33.9921052, -84.1523923), (33.9799934, -84.1572017), (33.9662897, -84.1426544), (33.9504323, -84.1391712), (33.9474987, -84.1407227), (33.9121565, -84.2079923), (33.9059851, -84.2362147), (33.8450152, -84.306051), (33.8229736, -84.3574543), (33.8139609, -84.3661083), (33.795516, -84.393835), (33.7817957, -84.3915778), (33.7805734, -84.389001), (33.7761582, -84.3889269)]"
11218,C,2026-02-16T20:36:39,2026-02-16T21:06:59,33.7774678,-84.3904941,34.0215759,-84.5677201,20.9282,driving,"[(33.7759197, -84.390003), (33.7953628, -84.3918696), (33.8051746, -84.4127999), (33.8149538, -84.4211221), (33.8590448, -84.4341215), (33.9376279, -84.4988721), (33.9503453, -84.5161706), (33.9592079, -84.5175574), (33.9852324, -84.5426501), (33.9960585, -84.5588039), (34.005693, -84.5604185), (34.0138781, -84.5572759), (34.014255, -84.559722), (34.0213883, -84.5622379)]"
11219,C,2026-02-17T00:00:54,2026-02-17T00:16:35,34.02181,-84.5679995,33.9490495,-84.5202705,6.5023,driving,"[(34.0214035, -84.5683568), (34.0194608, -84.5683221), (34.0112088, -84.5654235), (34.0094033, -84.56857), (33.9926195, -84.5544437), (33.9642624, -84.5228046), (33.9610995, -84.5224894), (33.9602109, -84.527718), (33.9512106, -84.5209042)]"
11220,C,2026-02-17T01:09:00,2026-02-17T01:11:01,33.9480271,-84.5212084,33.94666,-84.5211007,0.0947,driving,"[(33.9480271, -84.5212084), (33.94666, -84.5211007)]"
11221,C,2026-02-17T01:25:12,2026-02-17T01:50:55,33.9465846,-84.5213103,33.7796075,-84.3889057,14.9769,driving,"[(33.9492798, -84.520686), (33.9423324, -84.5160429), (33.9395882, -84.5107242), (33.9395712, -84.5034645), (33.9336309, -84.4932094), (33.8558352, -84.4324214), (33.8063543, -84.415493), (33.7967246, -84.3951896), (33.7815937, -84.3916082), (33.7808436, -84.3890662)]"
11222,C,2026-02-17T01:50:55,2026-02-17T02:08:32,33.7794165,-84.3889678,33.7759511,-84.3891329,0.2449,driving,"[(33.7796075, -84.3889057), (33.7793305, -84.3911632), (33.7794165, -84.3889678), (33.7775388, -84.3886173)]"
11223,C,2026-02-17T23:42:27,2026-02-18T00:13:57,33.7751045,-84.3898811,33.9503568,-84.4930476,16.0756,driving,"[(33.7741134, -84.3888673), (33.7721493, -84.3888997), (33.7713128, -84.3920435), (33.7701409, -84.4042972), (33.7749896, -84.4078485), (33.7771033, -84.4080885), (33.8035281, -84.4066911), (33.8059192, -84.4141011), (33.8147229, -84.420999), (33.8557994, -84.4320512), (33.9228805, -84.4852955), (33.9318766, -84.4907268), (33.9384029, -84.4994817), (33.9431996, -84.5001196), (33.9451652, -84.4986714), (33.9515062, -84.4972816)]"
11224,C,2026-02-18T02:30:58,2026-02-18T03:00:50,33.9500221,-84.4937753,33.7759017,-84.3886739,15.6649,driving,"[(33.9504142, -84.4926561), (33.9496037, -84.4996469), (33.9473205, -84.4988586), (33.941462, -84.5038529), (33.9301113, -84.489852), (33.9003845, -84.4724011), (33.8526572, -84.4313882), (33.8088404, -84.4182393), (33.8012288, -84.4079276), (33.7780801, -84.4074729), (33.7753085, -84.4067471), (33.77237, -84.4013683), (33.7729958, -84.3989481), (33.7716878, -84.3963612), (33.7712302, -84.3875917), (33.774838, -84.3873858)]"
11225,C,2026-02-19T00:59:34,2026-02-19T01:12:30,33.7742292,-84.3839734,33.7737084,-84.4044249,2.7969,driving,"[(33.7742292, -84.3839734), (33.7762712, -84.3874107), (33.7812546, -84.3878101), (33.7815814, -84.3928501), (33.7811207, -84.3889907), (33.7812336, -84.4064495), (33.776366, -84.4067648)]"
11226,C,2026-02-19T02:08:08,2026-02-19T02:25:05,33.7735127,-84.4040149,33.7796741,-84.3888911,1.7502,driving,"[(33.7745412, -84.4061049), (33.7815076, -84.4068769), (33.7818416, -84.3909984), (33.7796741, -84.3888911), (33.7793305, -84.3911632), (33.7798947, -84.3892089)]"
11227,C,2026-02-19T19:23:52,2026-02-19T19:42:32,33.7748134,-84.3888315,33.9064725,-84.2693014,13.8069,driving,"[(33.7748134, -84.3888315), (33.7716846, -84.3888401), (33.7698258, -84.388921), (33.7962517, -84.3933405), (33.8010516, -84.390121), (33.8447057, -84.3059715), (33.8940485, -84.2612489), (33.9038151, -84.2726583)]"
11228,C,2026-02-20T00:24:35,2026-02-20T00:28:05,33.9064526,-84.269276,33.8932078,-84.2840971,1.2625,driving,"[(33.9064526, -84.269276), (33.896198, -84.2822612), (33.8932078, -84.2840971)]"
11229,C,2026-02-20T01:05:18,2026-02-20T01:26:32,33.8931485,-84.2839919,33.7758939,-84.3893048,13.4783,driving,"[(33.9016425, -84.2753621), (33.9000662, -84.2704241), (33.8942378, -84.2635529), (33.8407669, -84.3115369), (33.8234939, -84.3565222), (33.7960272, -84.3925741), (33.7939817, -84.3891446), (33.7770572, -84.3889668)]"
11230,C,2026-02-20T19:59:18,2026-02-20T21:03:49,33.7795261,-84.390562,33.997609,-84.091432,25.3853,driving,"[(33.7864978, -84.3906612), (33.7864951, -84.3881753), (33.800824, -84.3876917), (33.8406397, -84.3083178), (33.8929925, -84.2612963), (33.8973519, -84.2504338), (33.8957016, -84.2531922), (33.9089053, -84.2281643), (33.9117972, -84.2091044), (33.9141196, -84.2052345), (33.9137805, -84.202772), (33.9166111, -84.1986753), (33.9196788, -84.1966412), (33.9288836, -84.1777978), (33.9291797, -84.1723836), (33.9364379, -84.155523), (33.9463404, -84.1444314), (33.9578386, -84.1205446), (33.9690139, -84.0942033), (33.9723028, -84.0915495), (33.9883282, -84.087368), (33.9970467, -84.093217)]"
11231,C,2026-02-20T21:20:51,2026-02-20T21:32:11,33.9963673,-84.0908957,34.0202664,-84.1363106,4.0066,driving,"[(33.9976376, -84.0909778), (34.0110957, -84.1019726), (34.0121766, -84.1144666), (34.0065373, -84.1224405), (34.0071855, -84.1274934), (34.0091213, -84.1299662), (34.0202664, -84.1363106), (34.021364, -84.1360787)]"
11232,C,2026-02-21T02:24:18,2026-02-21T02:36:39,34.0215733,-84.1356611,33.9610095,-84.1349571,5.1914,driving,"[(34.0200106, -84.1371968), (34.0117637, -84.1326766), (33.9836234, -84.1552389), (33.9696623, -84.1470813), (33.960431, -84.135896)]"
11233,C,2026-02-21T03:16:49,2026-02-21T03:21:59,33.9612735,-84.1344456,33.9604246,-84.1379517,0.2784,driving,"[(33.9612735, -84.1344456), (33.9604246, -84.1379517)]"
11234,C,2026-02-21T03:26:28,2026-02-21T04:06:33,33.9600538,-84.1385672,33.7796532,-84.389674,30.572,driving,"[(33.9554753, -84.1417217), (33.9526138, -84.1403805), (33.910083, -84.2192161), (33.9188437, -84.3511244), (33.923649, -84.3456362), (33.9157271, -84.3410301), (33.9117753, -84.3847239), (33.9167677, -84.4104568), (33.8943364, -84.451925), (33.8264658, -84.4242762), (33.8055166, -84.4150446), (33.8026651, -84.3994468), (33.7883706, -84.3919074), (33.7863637, -84.3882912)]"
11235,C,2026-02-21T05:48:43,2026-02-21T06:04:54,33.7795156,-84.3897456,33.8577886,-84.3813433,7.6522,driving,"[(33.7795156, -84.3897456), (33.7865585, -84.3901771), (33.7948618, -84.3881142), (33.7986679, -84.3919881), (33.8140931, -84.365035), (33.823754, -84.3564107), (33.8249874, -84.3589214), (33.8403182, -84.359733), (33.851612, -84.3710392), (33.8491041, -84.3752882), (33.8531006, -84.3813047), (33.8561564, -84.3825169)]"
11236,C,2026-02-21T07:54:49,2026-02-21T08:10:31,33.8577364,-84.3811969,33.7809706,-84.3890394,6.1546,driving,"[(33.8577364, -84.3811969), (33.855428, -84.3819735), (33.8512335, -84.3794975), (33.8485732, -84.3744196), (33.8479026, -84.3665972), (33.7864349, -84.3905951), (33.7809706, -84.3890394)]"
11237,C,2026-02-21T23:22:54,2026-02-21T23:59:12,33.7772425,-84.3911632,34.0888161,-84.2562202,25.0447,driving,"[(33.7772425, -84.3911632), (33.7793822, -84.389653), (33.7811802, -84.3905882), (33.7888121, -84.390433), (33.7898231, -84.3880119), (33.7998753, -84.3898591), (33.8166639, -84.3622479), (33.8238804, -84.3562861), (33.8251083, -84.3591016), (33.8402418, -84.3596794), (33.84616, -84.3663082), (33.8548166, -84.369582), (33.9374252, -84.3577566), (33.95984, -84.3541806), (34.0421995, -84.3082051), (34.0502283, -84.2987285), (34.0604569, -84.2760894), (34.0888161, -84.2562202)]"
11238,C,2026-02-22T04:54:43,2026-02-22T05:22:01,34.0879162,-84.2565596,33.780588,-84.389031,24.7169,driving,"[(34.0879162, -84.2565596), (34.0883767, -84.2612528), (34.061279, -84.2758501), (34.0411384, -84.3095199), (34.0010655, -84.3367182), (33.9451568, -84.3582142), (33.9032198, -84.359508), (33.8924789, -84.3651131), (33.8479147, -84.3679769), (33.8401036, -84.3600101), (33.8181404, -84.3624397), (33.7994842, -84.3920556), (33.7817058, -84.3916226), (33.7814065, -84.3892255), (33.780588, -84.389031)]"
11239,C,2026-02-22T17:53:47,2026-02-22T18:14:47,33.779603,-84.3888982,33.9181778,-84.3799515,13.4728,driving,"[(33.779603, -84.3888982), (33.7703191, -84.3889459), (33.7987927, -84.3922591), (33.8188481, -84.3610647), (33.83902, -84.3594442), (33.8466861, -84.3667726), (33.8564826, -84.369462), (33.9129402, -84.3555805), (33.9106143, -84.3647992), (33.9128948, -84.378923), (33.9180514, -84.3791069)]"
11240,C,2026-02-22T19:46:23,2026-02-22T19:56:00,33.9189549,-84.380623,33.9290856,-84.3486559,2.5284,driving,"[(33.9189722, -84.3509133), (33.9271087, -84.3519419), (33.9290856, -84.3486559)]"
11241,C,2026-02-22T20:37:48,2026-02-22T20:41:57,33.9300265,-84.3484537,33.9286276,-84.343265,0.3781,driving,"[(33.9289534, -84.3486726), (33.9276476, -84.3444679)]"
11242,C,2026-02-22T21:02:16,2026-02-22T21:37:02,33.9184732,-84.3818304,33.780692,-84.3890309,11.8613,driving,"[(33.9190241, -84.3483482), (33.9184732, -84.3818304), (33.9181477, -84.3793386), (33.9134592, -84.3792279), (33.9116032, -84.3781412), (33.9096915, -84.3596974), (33.8478826, -84.3680013), (33.8393897, -84.3598568), (33.8183249, -84.3623236), (33.8127101, -84.3685713), (33.7990321, -84.3925535), (33.7941826, -84.3937127), (33.7816748, -84.3915816), (33.780692, -84.3890309)]"
11243,C,2026-02-22T21:51:05,2026-02-22T22:05:31,33.7795789,-84.3895859,33.7759528,-84.3891313,1.5658,driving,"[(33.7795105, -84.3822697), (33.78143, -84.3805231), (33.7736701, -84.3839896), (33.7749755, -84.3872221), (33.7759528, -84.3891313)]"
11244,C,2026-02-23T02:31:27,2026-02-23T02:38:12,33.7796179,-84.3825903,33.7798503,-84.3892758,0.3857,driving,"[(33.7796179, -84.3825903), (33.7798503, -84.3892758)]"
11245,C,2026-02-23T20:35:43,2026-02-23T20:39:53,33.7759466,-84.389388,33.7796609,-84.3890737,0.3316,driving,"[(33.7759466, -84.389388), (33.7795832, -84.3898031)]"
11246,C,2026-02-23T22:40:53,2026-02-23T22:44:37,33.7804502,-84.3885536,33.7759511,-84.3891302,0.3127,driving,"[(33.7804502, -84.3885536), (33.7759511, -84.3891302)]"
11247,C,2026-02-23T23:34:10,2026-02-23T23:55:00,33.779554,-84.3885023,33.8830608,-84.2678063,10.8619,driving,"[(33.7820036, -84.3877408), (33.7948391, -84.3883368), (33.8006344, -84.3911053), (33.812144, -84.3689421), (33.8247891, -84.3563142), (33.8398504, -84.3120307), (33.8780162, -84.2720714), (33.8830608, -84.2678063)]"
11248,C,2026-02-24T02:58:44,2026-02-24T03:12:28,33.8822235,-84.2678911,33.8440122,-84.3280283,6.2013,driving,"[(33.8822235, -84.2678911), (33.8806793, -84.2708047), (33.8780787, -84.2709307), (33.8805843, -84.2747732), (33.848464, -84.3056622), (33.8363909, -84.3367429), (33.8440122, -84.3280283), (33.8430698, -84.3287868)]"
11249,C,2026-02-24T03:18:06,2026-02-24T03:29:28,33.8424107,-84.3298281,33.7796652,-84.3899857,6.2142,driving,"[(33.8087291, -84.3724752), (33.8071836, -84.3803513), (33.800629, -84.3911026), (33.7848005, -84.3900705), (33.7819485, -84.391663), (33.7816011, -84.3894065), (33.7796652, -84.3899857)]"
11250,C,2026-02-24T22:50:52,2026-02-24T23:14:54,33.7747724,-84.3895386,33.9503596,-84.4926153,14.804,driving,"[(33.775224, -84.3887458), (33.791565, -84.3905604), (33.7982855, -84.3955928), (33.8080682, -84.417076), (33.8612249, -84.4360442), (33.9179452, -84.4823253), (33.9316816, -84.4904976), (33.9398331, -84.5014336), (33.9443592, -84.4987785), (33.9515101, -84.4975674), (33.9502392, -84.4942592)]"
11251,C,2026-02-25T01:04:34,2026-02-25T01:17:44,33.9503712,-84.4919409,34.0198346,-84.5541518,6.7416,driving,"[(33.9503712, -84.4919409), (33.9588308, -84.4970455), (33.9622897, -84.5140906), (33.9854625, -84.5427666), (34.0145623, -84.5562387)]"
11252,C,2026-02-25T01:41:27,2026-02-25T01:52:56,34.0201007,-84.5562868,34.0367086,-84.5449997,3.3571,driving,"[(34.0250141, -84.5557486), (34.0353808, -84.5435626), (34.0355691, -84.5324933), (34.0379616, -84.5286079), (34.0351568, -84.5328241), (34.0350916, -84.5447526)]"
11253,C,2026-02-25T06:05:00,2026-02-25T06:17:56,34.0366365,-84.5446418,33.9500488,-84.4940524,8.7363,driving,"[(34.0366365, -84.5446418), (34.0337458, -84.5498545), (34.0377521, -84.5637355), (33.9610058, -84.5191058), (33.9503373, -84.4986214)]"
11254,C,2026-02-25T06:21:32,2026-02-25T06:42:01,33.9496676,-84.493637,33.7759547,-84.3891323,14.768,driving,"[(33.9496676, -84.493637), (33.9512336, -84.4973529), (33.9384165, -84.5016848), (33.8694159, -84.4428623), (33.8092778, -84.4177733), (33.7894881, -84.3893932), (33.780012, -84.3915919), (33.7806962, -84.3890174), (33.7759547, -84.3891323)]"
11255,C,2026-02-25T20:23:56,2026-02-25T20:31:42,33.7759456,-84.3893912,33.7802922,-84.3885887,0.6866,driving,"[(33.7759456, -84.3893912), (33.7795638, -84.3891748), (33.7816025, -84.3875506)]"
11256,C,2026-02-26T03:03:06,2026-02-26T03:22:10,33.7737665,-84.3843294,33.7795759,-84.3896084,2.8933,driving,"[(33.7723202, -84.3977312), (33.7757007, -84.4068842), (33.7815038, -84.4066177), (33.7815364, -84.3892744), (33.7795759, -84.3896084)]"
11257,C,2026-02-26T22:54:38,2026-02-26T23:11:59,33.77515,-84.389098,33.7765116,-84.4078034,1.9273,driving,"[(33.77515, -84.389098), (33.7725178, -84.3885102), (33.7704302, -84.4047613), (33.7740172, -84.4087088), (33.7757501, -84.4071136)]"
11258,C,2026-02-26T23:18:36,2026-02-27T00:01:04,33.7653195,-84.3929564,33.8934358,-84.2833973,12.6275,driving,"[(33.7766577, -84.4077549), (33.773436, -84.4043149), (33.7702012, -84.3992976), (33.765908, -84.3974613), (33.7653205, -84.3928269), (33.770798, -84.3879843), (33.7694841, -84.3897571), (33.7966384, -84.3933479), (33.798564, -84.3924917), (33.8349432, -84.3290922), (33.844797, -84.3060077), (33.864055, -84.2885464), (33.8725308, -84.2903388), (33.8772984, -84.2877185), (33.8803882, -84.2875241), (33.8819125, -84.2900306), (33.8934358, -84.2833973)]"
11259,C,2026-02-27T00:06:40,2026-02-27T00:12:16,33.8936499,-84.2836983,33.9097,-84.2876971,1.7472,driving,"[(33.8936499, -84.2836983), (33.9022226, -84.2748709), (33.909943, -84.2838812), (33.9084689, -84.2883261)]"
11260,C,2026-02-27T02:54:14,2026-02-27T03:28:03,33.9088086,-84.2873706,33.7758966,-84.3882798,16.6399,driving,"[(33.8963094, -84.265526), (33.8897851, -84.2628927), (33.8406386, -84.3126523), (33.8203524, -84.3611915), (33.8003284, -84.3906302), (33.7932347, -84.3934678), (33.7877255, -84.3919541), (33.7858071, -84.4114094), (33.7832119, -84.4117871), (33.7772731, -84.4083367), (33.7744996, -84.4084172), (33.7703594, -84.4048153), (33.7720475, -84.3874111), (33.7758966, -84.3882798)]"
11261,C,2026-02-27T21:12:32,2026-02-27T22:45:38,33.7751498,-84.3891191,32.9018477,-83.6887945,79.8333,driving,"[(33.7751498, -84.3891191), (33.7662201, -84.3889139), (33.7584354, -84.3791247), (33.7545133, -84.3787037), (33.7438103, -84.3914367), (33.7221549, -84.3949012), (33.699976, -84.4043445), (33.6573908, -84.39513), (33.6338257, -84.4012692), (33.5909316, -84.3849393), (33.5847371, -84.3760273), (33.5757884, -84.3378556), (33.5419082, -84.2683612), (33.5093224, -84.235186), (33.4931082, -84.2205233), (33.4550427, -84.2064709), (33.4046711, -84.1540511), (33.350304, -84.1245116), (33.2558908, -84.0916219), (33.2035469, -84.0600001), (33.1918546, -84.0581165), (33.1169403, -84.003771), (33.0832753, -83.9926134), (33.019565, -83.8939144), (32.9815607, -83.8324769), (32.9450027, -83.7921041), (32.9398278, -83.777368), (32.9400286, -83.7610358), (32.9047809, -83.6901976)]"
11262,C,2026-02-27T23:58:09,2026-02-28T00:10:00,32.9007768,-83.6878837,32.934406,-83.73419,4.004,driving,"[(32.9007768, -83.6878837), (32.9117531, -83.70133), (32.9246033, -83.7103863), (32.9345024, -83.7245376), (32.9327878, -83.7290777), (32.934406, -83.73419)]"
11263,C,2026-02-28T05:33:17,2026-02-28T05:45:47,32.9342382,-83.7350519,32.9017492,-83.6887266,4.2919,driving,"[(32.9327629, -83.7290769), (32.9344487, -83.7244566), (32.9312529, -83.7152696), (32.9153578, -83.7082197), (32.9008657, -83.6881801), (32.899723, -83.6905175)]"
11264,C,2026-02-28T06:05:51,2026-02-28T06:15:07,32.9018733,-83.6889998,32.9170374,-83.7313851,3.1272,driving,"[(32.9018733, -83.6889998), (32.9143356, -83.7046499), (32.9215753, -83.7298146), (32.9170374, -83.7313851), (32.9164366, -83.7325753)]"
11265,C,2026-02-28T19:33:41,2026-02-28T19:48:37,32.9163406,-83.732064,32.8353236,-83.6254155,10.6288,driving,"[(32.9165124, -83.7325858), (32.9196732, -83.7312381), (32.921633, -83.7297017), (32.9245304, -83.7296938), (32.9266095, -83.7345061), (32.9165072, -83.7047441), (32.8529355, -83.6331272), (32.8389234, -83.6203772), (32.835853, -83.6229883)]"
11266,C,2026-02-28T22:21:10,2026-03-01T00:04:32,32.9163676,-83.7322023,32.9163757,-83.7325337,5.6422,driving,"[(32.8357205, -83.6229033), (32.837707, -83.6212054), (32.8483891, -83.6386437), (32.8964648, -83.6818327), (32.915591, -83.7081109), (32.9166522, -83.717421), (32.9227656, -83.7278101), (32.9206883, -83.7313588), (32.9163676, -83.7322023), (32.9252675, -83.7240644), (32.9166196, -83.7325043), (32.9252675, -83.7240644), (32.9166786, -83.7325616), (32.9252675, -83.7240644), (32.9166705, -83.7324826), (32.922977, -83.7343573), (32.9166524, -83.7324927), (32.9226516, -83.7277408), (32.9258604, -83.7341926), (32.9301322, -83.7302728)]"
11267,C,2026-03-01T00:10:17,2026-03-01T00:14:59,32.931457,-83.7269986,32.916417,-83.7325861,1.5628,driving,"[(32.926467, -83.7346005), (32.9251538, -83.7314907), (32.9223389, -83.7281855), (32.9205625, -83.7316799)]"
11268,C,2026-03-01T19:14:11,2026-03-01T20:56:09,32.9163437,-83.7322011,33.7736701,-84.3846816,75.8937,driving,"[(32.9196341, -83.7312859), (32.9238291, -83.7288876), (32.9263534, -83.7345858), (32.9272622, -83.7325384), (32.9299287, -83.7342201), (32.9403188, -83.7566772), (32.9416912, -83.7841986), (32.9673432, -83.8217691), (32.9883973, -83.8399175), (33.0472315, -83.9435993), (33.082233, -83.9899219), (33.1305557, -84.0123859), (33.2165976, -84.06785), (33.3003885, -84.1126623), (33.3449108, -84.1236575), (33.3485634, -84.1230859), (33.35062, -84.1243127), (33.3541093, -84.1239303), (33.4094406, -84.158782), (33.4600971, -84.2088971), (33.5035963, -84.2282756), (33.5472844, -84.2687735), (33.5939742, -84.2841718), (33.6023259, -84.2937156), (33.6254101, -84.2983646), (33.6565805, -84.3249182), (33.6688238, -84.3257658), (33.6743728, -84.3309426), (33.6691088, -84.3389046), (33.6903044, -84.3493555), (33.7230179, -84.3494344), (33.7285383, -84.3639388), (33.7324102, -84.3647387), (33.7354197, -84.3667883), (33.7368225, -84.3681632), (33.738186, -84.36981), (33.742196, -84.3697476), (33.7430396, -84.3719564), (33.7463132, -84.3733695), (33.7474604, -84.3756897), (33.7495578, -84.3766343), (33.7506881, -84.3735954), (33.7610144, -84.3742351), (33.7622185, -84.3812555), (33.7640562, -84.3820762), (33.7713285, -84.381902), (33.7723157, -84.3845243), (33.7741061, -84.3836783)]"
11269,C,2026-03-01T22:53:58,2026-03-01T23:04:19,33.7758458,-84.3892418,33.7795919,-84.3889484,0.4741,driving,"[(33.7739787, -84.3835167), (33.7737783, -84.386057), (33.7758458, -84.3892418), (33.7795919, -84.3889484)]"
11270,C,2026-03-01T23:55:11,2026-03-02T00:16:39,33.7795718,-84.3899516,33.9677705,-84.4899243,15.3641,driving,"[(33.7948593, -84.391349), (33.8012365, -84.3996043), (33.8202451, -84.4226714), (33.8545259, -84.4316924), (33.9300529, -84.489301), (33.9378161, -84.4985913), (33.942874, -84.5006907), (33.9445655, -84.4987698), (33.9629585, -84.4941842)]"
11271,C,2026-03-02T00:20:01,2026-03-02T00:25:09,33.9690508,-84.4888998,33.9744483,-84.4693861,1.2514,driving,"[(33.9741777, -84.4795926), (33.9755012, -84.4719659), (33.9744483, -84.4693861), (33.9735944, -84.4703215)]"
11272,C,2026-03-02T04:41:55,2026-03-02T05:10:48,33.9737629,-84.4704699,33.7753947,-84.3888245,18.1218,driving,"[(33.9737629, -84.4704699), (33.9754027, -84.4678931), (33.9745904, -84.4846001), (33.9590714, -84.4981042), (33.9451742, -84.4987027), (33.9408469, -84.5068139), (33.9381584, -84.4980616), (33.8602821, -84.4337422), (33.8191273, -84.4229516), (33.8020019, -84.4095484), (33.7941343, -84.3933254), (33.7802222, -84.3904797), (33.7770268, -84.3885461)]"
11273,C,2026-03-02T20:33:14,2026-03-02T20:45:19,33.7718823,-84.3888348,33.8392577,-84.3222209,7.6247,driving,"[(33.7988947, -84.3932428), (33.8394627, -84.317971), (33.8392577, -84.3222209)]"
11274,C,2026-03-02T21:22:53,2026-03-02T21:35:30,33.8393804,-84.3216886,33.8829699,-84.2674827,4.5993,driving,"[(33.8393804, -84.3216886), (33.8404196, -84.3109419), (33.8787301, -84.2741405)]"
11275,C,2026-03-02T23:38:36,2026-03-02T23:47:47,33.8831256,-84.2677058,33.8971923,-84.2817639,2.1999,driving,"[(33.8831256, -84.2677058), (33.8813024, -84.2684346), (33.8785396, -84.2706924), (33.8864839, -84.2851764), (33.8896187, -84.2853121)]"
11276,C,2026-03-03T00:19:51,2026-03-03T00:32:09,33.8973644,-84.2817526,33.9182415,-84.3503451,5.7317,driving,"[(33.8973644, -84.2817526), (33.9023071, -84.2747894), (33.9167726, -84.2900217), (33.914199, -84.3507921), (33.9156805, -84.352695), (33.9182415, -84.3503451)]"
11277,C,2026-03-03T03:31:54,2026-03-03T03:51:18,33.918475,-84.3495413,33.779652,-84.3900781,10.7681,driving,"[(33.918475, -84.3495413), (33.9178585, -84.3594923), (33.9190101, -84.3636211), (33.8089595, -84.3770397), (33.7817926, -84.3916161), (33.779652, -84.3900781)]"
11278,C,2026-03-03T17:28:29,2026-03-03T17:47:18,33.7759184,-84.3901379,33.9504039,-84.4923987,14.8264,driving,"[(33.7900396, -84.3905054), (33.7995444, -84.3972964), (33.8010944, -84.408825), (33.8181333, -84.4230247), (33.8586433, -84.4350354), (33.9007562, -84.4754919), (33.9303445, -84.4894167), (33.9405766, -84.505013), (33.9504039, -84.4923987)]"
11279,C,2026-03-03T19:04:55,2026-03-03T19:20:19,33.9504316,-84.4945843,33.9076433,-84.3801761,10.9204,driving,"[(33.9504742, -84.4924631), (33.9509054, -84.498138), (33.9442749, -84.4990959), (33.9409551, -84.5048557), (33.9338465, -84.4935053), (33.8923338, -84.4639755), (33.8927727, -84.4554546), (33.9134853, -84.4233611), (33.9158038, -84.4113117), (33.9116373, -84.3798655), (33.9076433, -84.3801761)]"
11280,C,2026-03-03T21:53:17,2026-03-03T22:18:57,33.9076509,-84.3789452,33.9064841,-84.2692878,8.2598,driving,"[(33.9029351, -84.3785559), (33.9072719, -84.3642216), (33.9062312, -84.3616632), (33.9031242, -84.3599636), (33.9103137, -84.3563784), (33.9201454, -84.3280405), (33.9197315, -84.2959313), (33.9183981, -84.2926537), (33.9017881, -84.272811)]"
11281,C,2026-03-04T01:33:29,2026-03-04T02:02:53,33.906678,-84.2693271,33.9735399,-84.4701821,15.7692,driving,"[(33.904471, -84.2723673), (33.9049977, -84.277209), (33.918835, -84.2927889), (33.9183276, -84.3383553), (33.9154456, -84.3482022), (33.9154229, -84.3570958), (33.9320177, -84.3573547), (33.9334746, -84.3600437), (33.9363026, -84.3660993), (33.9356359, -84.3900449), (33.9403679, -84.4009465), (33.9497252, -84.4112092), (33.9663071, -84.4117371), (33.9725135, -84.413228), (33.9782862, -84.4176734), (33.9794351, -84.4214925), (33.9830878, -84.4270494), (33.9794485, -84.4341424), (33.9782136, -84.441126), (33.9794185, -84.4605942), (33.9770319, -84.468113), (33.9745794, -84.4689497)]"
11282,C,2026-03-04T07:29:14,2026-03-04T08:05:19,33.9737596,-84.4701295,33.7759787,-84.3886753,18.2631,driving,"[(33.9761805, -84.4679808), (33.973126, -84.4861853), (33.9497057, -84.4984885), (33.8590008, -84.4345205), (33.806096, -84.4159153), (33.8022609, -84.4097595), (33.7997958, -84.4078557), (33.7832069, -84.4073979), (33.7814881, -84.4109285), (33.7791972, -84.4100254), (33.7770035, -84.4086045), (33.7718094, -84.4072459), (33.7702314, -84.4047939), (33.7759787, -84.3886753)]"
11283,C,2026-03-05T01:24:22,2026-03-05T01:46:09,33.7725421,-84.3899953,33.9684691,-84.491234,15.5972,driving,"[(33.7725421, -84.3899953), (33.7886173, -84.3907474), (33.8427646, -84.4295213), (33.8602786, -84.4337669), (33.9061285, -84.4771457), (33.9436636, -84.5007802), (33.9605594, -84.4964587), (33.9658931, -84.4913254), (33.9693075, -84.4900139)]"
11284,C,2026-03-05T01:57:14,2026-03-05T02:01:07,33.9693737,-84.4889882,33.9734176,-84.4702333,1.4764,driving,"[(33.9738763, -84.4835337), (33.9749607, -84.4682446), (33.9734176, -84.4702333)]"
11285,C,2026-03-05T05:26:24,2026-03-05T05:33:45,33.9734431,-84.4702028,33.951043,-84.5211369,3.9247,driving,"[(33.9754842, -84.4678648), (33.9713511, -84.4872843), (33.9515453, -84.5077734)]"
11286,C,2026-03-05T05:50:14,2026-03-05T05:57:03,33.9505846,-84.5215101,33.9735448,-84.4703977,4.0518,driving,"[(33.9514114, -84.5069868), (33.9733837, -84.4845375), (33.9768312, -84.4682165), (33.9735448, -84.4703977)]"
11287,C,2026-03-05T14:24:07,2026-03-05T15:01:47,33.9740381,-84.4701441,33.7754667,-84.3886787,17.543,driving,"[(33.97639, -84.4681999), (33.9723419, -84.48696), (33.9602228, -84.4985314), (33.9544902, -84.4972642), (33.9459785, -84.4987835), (33.9412876, -84.5042552), (33.9327632, -84.4920134), (33.9021625, -84.4738569), (33.8471345, -84.4295203), (33.8162305, -84.4217775), (33.8013281, -84.400061), (33.7902646, -84.3922786), (33.7892218, -84.3887572), (33.7803992, -84.3892456), (33.7785794, -84.388313), (33.7754667, -84.3886787), (33.7767887, -84.3901645)]"
11288,C,2026-03-05T16:53:29,2026-03-05T17:15:51,33.7804039,-84.3877476,33.8944327,-84.2825253,11.4832,driving,"[(33.7785582, -84.3881317), (33.7812812, -84.3877818), (33.7833267, -84.3871776), (33.7864562, -84.3878039), (33.7931481, -84.387776), (33.7960424, -84.3922355), (33.8386624, -84.3214421), (33.8414268, -84.3087812), (33.8645929, -84.2886061), (33.8703968, -84.2903024), (33.885122, -84.2848109), (33.8896513, -84.2856559), (33.8933284, -84.2838809)]"
11289,C,2026-03-05T17:20:17,2026-03-05T17:24:15,33.8950405,-84.2822246,33.9051766,-84.2711998,0.9878,driving,"[(33.8950405, -84.2822246), (33.9051766, -84.2711998)]"
11290,C,2026-03-05T20:09:15,2026-03-05T20:41:55,33.9064819,-84.2698517,33.9725243,-84.4533244,14.6585,driving,"[(33.9042771, -84.2726251), (33.9046089, -84.2765026), (33.9203169, -84.29756), (33.913864, -84.3548771), (33.93307, -84.3571248), (33.9337424, -84.3614862), (33.9367483, -84.3677826), (33.9357961, -84.3863404), (33.9401902, -84.4005426), (33.9513462, -84.4113671), (33.9662499, -84.4117473), (33.9604291, -84.4315939), (33.9619507, -84.4428809), (33.9653376, -84.446004), (33.9705415, -84.4461159), (33.9730638, -84.4451216), (33.9712836, -84.4509802)]"
11291,C,2026-03-06T00:54:16,2026-03-06T01:00:34,33.9724995,-84.4525749,33.9738686,-84.4700058,2.2985,driving,"[(33.9672714, -84.4577963), (33.9676089, -84.4626089), (33.9791761, -84.4614592), (33.9763223, -84.4679591)]"
11292,C,2026-03-06T01:07:48,2026-03-06T01:37:51,33.9738864,-84.4699606,33.7760135,-84.3890834,17.757,driving,"[(33.9738864, -84.4699606), (33.9765003, -84.4679823), (33.9739975, -84.4838816), (33.9699924, -84.4887626), (33.9648014, -84.4917823), (33.9604385, -84.497324), (33.9575301, -84.4966777), (33.9437517, -84.4995015), (33.9408545, -84.5050846), (33.9280995, -84.4886578), (33.8618451, -84.4369987), (33.8471319, -84.4295151), (33.8140327, -84.421142), (33.8056693, -84.4144305), (33.796696, -84.3951721), (33.7897043, -84.3921353), (33.7865267, -84.3911209)]"
11293,C,2026-03-06T23:27:50,2026-03-06T23:34:02,33.7756104,-84.3888341,33.7795969,-84.3898703,0.4585,driving,"[(33.7756104, -84.3888341), (33.7769079, -84.3906357), (33.7795969, -84.3898703)]"
11294,C,2026-03-06T23:42:06,2026-03-07T00:07:03,33.7798551,-84.3895594,34.0217366,-84.5677099,20.4283,driving,"[(33.7923834, -84.3905537), (33.8061915, -84.4147073), (33.8167607, -84.4217819), (33.8278527, -84.4233112), (33.835842, -84.4283235), (33.8578147, -84.4332218), (33.9355981, -84.4957044), (33.9524971, -84.5163172), (34.008369, -84.5658721), (34.0101515, -84.5662963), (34.0115575, -84.5647555), (34.0180665, -84.5685578), (34.0217366, -84.5677099), (34.0215386, -84.5682109)]"
11295,C,2026-03-07T03:08:56,2026-03-07T03:12:47,34.0216789,-84.5685387,34.0140925,-84.5531759,1.3535,driving,"[(34.0216789, -84.5685387), (34.0122169, -84.5642579)]"
11296,C,2026-03-07T03:53:14,2026-03-07T03:58:46,34.0146458,-84.5527312,34.0214645,-84.5684038,1.4689,driving,"[(34.0135384, -84.5561867), (34.0147702, -84.561095), (34.0122247, -84.5642455), (34.0176267, -84.5685022)]"
11297,C,2026-03-07T04:02:13,2026-03-07T04:22:28,34.0218473,-84.5678344,33.9742108,-84.4697752,9.2008,driving,"[(34.0174394, -84.5686426), (34.0124634, -84.5652767), (34.0099497, -84.5676059), (33.9962294, -84.5596625), (33.961577, -84.5210006), (33.9622142, -84.5136574), (33.9658923, -84.504089), (33.9601799, -84.4985446), (33.9726204, -84.4864974), (33.9764877, -84.4679968), (33.9735618, -84.4701976), (33.978989, -84.4608477)]"
11298,C,2026-03-07T04:28:28,2026-03-07T04:33:12,33.978949,-84.4615242,33.9736493,-84.470318,1.1052,driving,"[(33.9789721, -84.4581315), (33.9794324, -84.4612649), (33.9771256, -84.4679183), (33.9736493, -84.470318)]"
11299,C,2026-03-07T18:13:19,2026-03-07T18:48:19,33.9735269,-84.470125,33.78122,-84.3891029,17.3267,driving,"[(33.9768541, -84.4681523), (33.9748021, -84.474039), (33.9716182, -84.4874901), (33.959773, -84.4968544), (33.9461379, -84.4988823), (33.9415161, -84.5036775), (33.9320803, -84.4914771), (33.8999259, -84.4717971), (33.8533892, -84.4315639), (33.8102617, -84.4191211), (33.803225, -84.4095204), (33.800643, -84.3988213), (33.789842, -84.3921308), (33.7871281, -84.39187), (33.7863186, -84.3892664), (33.7824435, -84.3891743), (33.7800204, -84.3879648)]"
11300,C,2026-03-07T19:49:09,2026-03-07T19:55:21,33.7805463,-84.3893195,33.7855796,-84.3901944,0.5676,driving,"[(33.7805463, -84.3893195), (33.7855796, -84.3901944)]"
11301,C,2026-03-07T22:41:20,2026-03-07T22:47:24,33.7850944,-84.3892468,33.7799272,-84.3887943,0.3608,driving,"[(33.7822138, -84.3891818), (33.7799272, -84.3887943)]"
11302,C,2026-03-07T22:56:33,2026-03-07T23:02:49,33.7795883,-84.3875611,33.7737775,-84.3841376,0.6893,driving,"[(33.7795883, -84.3875611), (33.7795231, -84.3827467), (33.7761195, -84.3828985)]"
11303,C,2026-03-07T23:39:58,2026-03-08T00:22:26,33.7735669,-84.3842994,34.0244497,-84.4319867,22.5456,driving,"[(33.7735669, -84.3842994), (33.7738254, -84.3866831), (33.7804155, -84.3874225), (33.7812436, -84.3893734), (33.7880286, -84.3904315), (33.7990995, -84.3960826), (33.8071916, -84.4160907), (33.8575526, -84.4329902), (33.9324898, -84.4912844), (33.9391838, -84.5006158), (33.9633637, -84.4941128), (33.9731598, -84.4858748), (33.9774969, -84.4844613), (33.9842652, -84.4775508), (34.0110626, -84.4725199), (34.0123649, -84.4698407), (34.0127031, -84.459388), (34.0239977, -84.4486387), (34.0265322, -84.4423735), (34.0261649, -84.4384186), (34.0286049, -84.4370749), (34.0281597, -84.434315), (34.0244497, -84.4319867)]"
11304,C,2026-03-08T03:24:56,2026-03-08T03:31:07,34.0245485,-84.43201,34.0373705,-84.4608511,2.1546,driving,"[(34.0245485, -84.43201), (34.0264517, -84.4308163), (34.0291725, -84.4369723), (34.0314147, -84.4370518), (34.0371316, -84.4533395), (34.0373705, -84.4608511)]"
11305,C,2026-03-08T04:02:52,2026-03-08T04:11:16,34.0368783,-84.4601994,34.0256111,-84.4315058,2.0372,driving,"[(34.0368783, -84.4601994), (34.0381463, -84.4513617), (34.0335529, -84.443451), (34.0322752, -84.4363196), (34.0293697, -84.4333219), (34.0272141, -84.4329512), (34.0256111, -84.4315058), (34.0244373, -84.4320959)]"
11306,C,2026-03-08T04:17:14,2026-03-08T04:57:27,34.0266559,-84.4315654,33.7797982,-84.3888441,22.4188,driving,"[(34.0266559, -84.4315654), (34.028026, -84.4340248), (34.0273422, -84.4257135), (34.0243039, -84.4252136), (34.0049554, -84.4363449), (33.9941867, -84.4328071), (33.9896008, -84.4274298), (33.9838735, -84.4273023), (33.9801914, -84.4237615), (33.9734448, -84.4134588), (33.9498984, -84.4114007), (33.9404346, -84.4011967), (33.9355513, -84.3896958), (33.9372328, -84.3705472), (33.9330841, -84.3587949), (33.90984, -84.3571423), (33.8907227, -84.3651507), (33.8480863, -84.3680768), (33.8403806, -84.3600991), (33.8195827, -84.3616806), (33.8123161, -84.3695395), (33.7995051, -84.3920236), (33.7814647, -84.391168), (33.7806948, -84.3890178)]"
11307,C,2026-03-08T18:51:06,2026-03-08T18:58:37,33.7806296,-84.3886911,33.7737981,-84.3847717,0.7367,driving,"[(33.776961, -84.3888778), (33.774966, -84.3872749), (33.7737981, -84.3847717)]"
11308,C,2026-03-08T19:50:31,2026-03-08T20:17:15,33.7737886,-84.3829134,33.9673583,-84.4896348,16.7269,driving,"[(33.774054, -84.3838043), (33.7713472, -84.3838561), (33.77128, -84.3886759), (33.794351, -84.3911282), (33.8011986, -84.3996543), (33.804641, -84.4117877), (33.8131882, -84.4203802), (33.8611769, -84.4360327), (33.9288426, -84.4886026), (33.9425581, -84.5012173), (33.9628502, -84.4942108), (33.9673583, -84.4896348)]"
11309,C,2026-03-08T22:04:51,2026-03-08T22:18:26,33.9674644,-84.4888531,34.0005563,-84.5899973,6.9565,driving,"[(33.9674644, -84.4888531), (33.9657555, -84.4913847), (33.9626205, -84.5135941), (33.9608643, -84.5166), (33.9651658, -84.5247334), (33.9841134, -84.5444209), (33.9859148, -84.567368), (34.0005563, -84.5899973)]"
11310,C,2026-03-08T22:37:22,2026-03-08T22:53:15,34.0006126,-84.590173,34.0360794,-84.5462186,3.9777,driving,"[(34.0003813, -84.5812355), (34.0041239, -84.577659), (34.0273677, -84.5686262), (34.0370385, -84.5448615)]"
11311,C,2026-03-09T02:24:00,2026-03-09T02:27:02,34.0367507,-84.5452371,34.0387225,-84.5303717,1.0192,driving,"[(34.0367507, -84.5452371), (34.0359665, -84.5371965), (34.0387225, -84.5303717)]"
11312,C,2026-03-09T02:49:33,2026-03-09T02:52:22,34.039166,-84.5301918,34.0363799,-84.546051,0.9666,driving,"[(34.039166, -84.5301918), (34.0359302, -84.5372689), (34.0363799, -84.546051)]"
11313,C,2026-03-09T03:04:57,2026-03-09T03:23:43,34.0353844,-84.5467258,33.9672749,-84.488888,8.1616,driving,"[(34.036716, -84.5452371), (34.0353844, -84.5467258), (34.0367066, -84.5563888), (33.9755251, -84.5331951), (33.9620719, -84.5155201), (33.9592068, -84.4983813), (33.9661368, -84.4917444)]"
11314,C,2026-03-09T03:27:08,2026-03-09T03:51:24,33.9679981,-84.4899717,33.775776,-84.3895211,15.8285,driving,"[(33.960165, -84.4983406), (33.9562125, -84.4969384), (33.9393213, -84.5025272), (33.9338539, -84.4935435), (33.8635281, -84.4385613), (33.8540266, -84.4318878), (33.815004, -84.4215471), (33.805901, -84.414819), (33.7954547, -84.3944304), (33.7817031, -84.3915843), (33.780684, -84.3890391), (33.775776, -84.3895211)]"
11315,C,2026-03-09T21:58:02,2026-03-09T22:23:51,33.7803281,-84.3905575,33.9735834,-84.4702859,17.0465,driving,"[(33.7890741, -84.3901295), (33.7927578, -84.3950708), (33.7982698, -84.3956363), (33.8066234, -84.4154607), (33.8724804, -84.4446197), (33.9397699, -84.5013514), (33.9449463, -84.4986773), (33.9630407, -84.49433), (33.9734532, -84.4851561), (33.9754951, -84.4678981)]"
11316,C,2026-03-10T04:38:59,2026-03-10T04:50:50,33.9739707,-84.4700295,33.9516811,-84.5212761,4.3166,driving,"[(33.9739707, -84.4700295), (33.9753793, -84.4677398), (33.9738329, -84.4864443), (33.9518107, -84.5064963), (33.9510011, -84.5190611), (33.9508967, -84.5215576)]"
11317,C,2026-03-10T04:59:53,2026-03-10T05:08:43,33.9515938,-84.5211889,33.9741651,-84.4693324,4.0434,driving,"[(33.9515938, -84.5211889), (33.9513228, -84.5080326), (33.9746523, -84.4845482), (33.9744857, -84.4766113), (33.9769052, -84.4682262)]"
11318,C,2026-03-10T05:43:58,2026-03-10T06:08:03,33.9734471,-84.4702604,33.7767058,-84.3887109,17.462,driving,"[(33.9734471, -84.4702604), (33.9750906, -84.4680152), (33.9769001, -84.468151), (33.9729374, -84.4866191), (33.9592169, -84.4978241), (33.9569403, -84.4972363), (33.9384581, -84.5023868), (33.9333842, -84.4941818), (33.8512344, -84.4302846), (33.809936, -84.4183423), (33.8009105, -84.397137), (33.7814831, -84.3906193), (33.7801557, -84.3889799), (33.7767058, -84.3887109)]"
11319,C,2026-03-10T18:51:19,2026-03-10T19:30:51,33.7747507,-84.3888994,33.9069834,-84.2705816,16.5439,driving,"[(33.7719403, -84.3889243), (33.7701335, -84.4028401), (33.7733924, -84.4088179), (33.7768838, -84.407897), (33.7731536, -84.4032998), (33.7786805, -84.4076121), (33.788795, -84.407663), (33.7917594, -84.4061168), (33.7940903, -84.3999585), (33.7961476, -84.3994936), (33.797609, -84.3951097), (33.8026877, -84.3926952), (33.7996758, -84.3923063), (33.7981635, -84.3905932), (33.8219173, -84.3577327), (33.8435688, -84.306588), (33.8843003, -84.2681741), (33.8898944, -84.2613349), (33.8964409, -84.2645086), (33.9033427, -84.2731707), (33.9050332, -84.2713431)]"
11320,C,2026-03-11T00:41:18,2026-03-11T00:42:39,33.9081301,-84.2676227,33.9085216,-84.266191,0.0864,driving,"[(33.9081301, -84.2676227), (33.9085216, -84.266191)]"
11321,C,2026-03-11T00:50:36,2026-03-11T00:54:06,33.908038,-84.2680638,33.8969595,-84.2820338,1.1086,driving,"[(33.9087833, -84.2667504), (33.8969595, -84.2820338)]"
11322,C,2026-03-11T01:37:24,2026-03-11T02:00:21,33.9065402,-84.2692807,33.7758958,-84.3891258,13.2034,driving,"[(33.9022023, -84.2746817), (33.9065055, -84.2692318), (33.9030925, -84.2738877), (33.8973256, -84.2668678), (33.8900461, -84.2625227), (33.8405918, -84.3129341), (33.8213723, -84.3605161), (33.8133778, -84.3671662), (33.801925, -84.3876018), (33.794946, -84.3938109), (33.781723, -84.3915853), (33.7805194, -84.3890084), (33.7754041, -84.3888376)]"
11323,C,2026-03-11T19:24:13,2026-03-11T19:25:14,33.7746602,-84.3853837,33.7740698,-84.3829623,0.1449,driving,"[(33.7746602, -84.3853837), (33.7740698, -84.3829623)]"
11324,C,2026-03-11T21:23:47,2026-03-11T21:29:17,33.7736278,-84.3850995,33.7794717,-84.3878905,0.4884,driving,"[(33.7742255, -84.3831575), (33.7748965, -84.387376), (33.779278, -84.3874572), (33.7794717, -84.3878905)]"
11325,C,2026-03-11T23:24:49,2026-03-11T23:39:17,33.7795954,-84.3887323,33.7547451,-84.3575162,3.8636,driving,"[(33.7795954, -84.3887323), (33.7811944, -84.3906732), (33.7672906, -84.3892514), (33.7642193, -84.3844402), (33.7581353, -84.3801801), (33.7576906, -84.3759558), (33.7556809, -84.3743842), (33.7511144, -84.3737363), (33.7547451, -84.3575162)]"
11326,C,2026-03-12T02:15:27,2026-03-12T02:28:21,33.7548021,-84.3581273,33.7759198,-84.3891656,3.8609,driving,"[(33.751605, -84.3710305), (33.7540116, -84.372137), (33.7600041, -84.3720738), (33.7606142, -84.3791912), (33.7667211, -84.3874735), (33.7805369, -84.3906007), (33.7759198, -84.3891656)]"
11327,C,2026-03-12T18:59:38,2026-03-12T19:18:53,33.7759446,-84.3891603,33.9065732,-84.2692576,13.9519,driving,"[(33.7759446, -84.3891603), (33.7699969, -84.3889585), (33.7732709, -84.3891179), (33.77576, -84.3903516), (33.7997312, -84.3910602), (33.8415349, -84.3088048), (33.8895293, -84.2620903), (33.8956876, -84.2636041), (33.9035226, -84.2730812)]"
11328,C,2026-03-12T22:29:38,2026-03-12T22:53:12,33.9066669,-84.2693025,33.9507138,-84.492192,17.2508,driving,"[(33.9066669, -84.2693025), (33.9037833, -84.2739069), (33.9062835, -84.2791197), (33.9155947, -84.2887848), (33.9204083, -84.2985937), (33.9126606, -84.387684), (33.9160209, -84.4152381), (33.9144405, -84.4220277), (33.8942399, -84.4541348), (33.8930004, -84.461246), (33.9050896, -84.4750417), (33.9326219, -84.4913698), (33.9388105, -84.5000642), (33.9494435, -84.4990438), (33.9507138, -84.492192)]"
11329,C,2026-03-13T00:08:48,2026-03-13T00:20:28,33.9508517,-84.4922441,34.019016,-84.5537654,7.3448,driving,"[(33.9508517, -84.4922441), (33.9505883, -84.4954503), (33.9530536, -84.4972689), (33.9612837, -84.4975078), (33.9658404, -84.5054098), (33.9622704, -84.5146679), (33.9632519, -84.5201646), (34.0022207, -84.5613134), (34.0114642, -84.5584983), (34.019016, -84.5537654)]"
11330,C,2026-03-13T00:59:33,2026-03-13T01:03:45,34.0193852,-84.5539935,34.035341,-84.5469287,1.6346,driving,"[(34.0193852, -84.5539935), (34.0234494, -84.5523199), (34.0281969, -84.5569605), (34.034089, -84.5552291), (34.0339608, -84.5504801)]"
11331,C,2026-03-13T03:54:25,2026-03-13T03:57:46,34.0363329,-84.5461173,34.0379333,-84.5285914,1.1127,driving,"[(34.0363329, -84.5461173), (34.0379333, -84.5285914)]"
11332,C,2026-03-13T04:04:36,2026-03-13T04:28:38,34.0374852,-84.5282311,33.9503428,-84.4927951,8.5616,driving,"[(34.0374852, -84.5282311), (34.0201618, -84.5284642), (34.0202546, -84.5143863), (34.0101932, -84.4898942), (34.0037532, -84.4863553), (33.9897386, -84.48892), (33.9845896, -84.4863282), (33.980775, -84.4818132), (33.9753148, -84.4798059), (33.9739059, -84.4843273), (33.9603249, -84.4972695), (33.9520142, -84.4976532), (33.9503428, -84.4927951), (33.9509432, -84.4957357), (33.9549856, -84.4968811), (33.9611115, -84.4961822), (33.9737343, -84.484423), (33.976781, -84.4681335), (33.9745531, -84.4690053)]"
11333,C,2026-03-13T17:40:27,2026-03-13T17:43:38,33.9737042,-84.4702856,33.9791094,-84.4634379,0.5997,driving,"[(33.9757858, -84.4679181), (33.9785635, -84.4644213)]"
11334,C,2026-03-13T18:05:39,2026-03-13T18:19:38,33.9783517,-84.46414,33.9744315,-84.469436,0.6656,driving,"[(33.979806, -84.4627465), (33.9736374, -84.4703144), (33.9766604, -84.4680562), (33.9740892, -84.4825366), (33.9703847, -84.4884116), (33.9637579, -84.4935191), (33.9609702, -84.4980735)]"
11335,C,2026-03-13T21:00:14,2026-03-13T21:09:45,33.7796125,-84.3888704,33.7798395,-84.3828861,0.9598,driving,"[(33.7770354, -84.3886123), (33.7797251, -84.3868941)]"
11336,C,2026-03-13T23:46:56,2026-03-13T23:54:56,33.7804047,-84.3899181,33.7541861,-84.3722385,2.2353,driving,"[(33.7804047, -84.3899181), (33.7768863, -84.3906695), (33.7670059, -84.3886728)]"
11337,C,2026-03-14T03:30:18,2026-03-14T03:38:48,33.7543893,-84.3741684,33.7796043,-84.3893683,2.7068,driving,"[(33.7572549, -84.3743051), (33.7597095, -84.3816256), (33.7598198, -84.3790999), (33.7697025, -84.3899878), (33.7799522, -84.3906024)]"
11338,C,2026-03-14T17:37:18,2026-03-14T18:02:11,33.7757743,-84.3901211,33.8969698,-84.2817939,13.1482,driving,"[(33.769972, -84.3889298), (33.7797652, -84.3903625), (33.8007685, -84.3890083), (33.838146, -84.3225987), (33.8411336, -84.309565), (33.8782254, -84.2724928), (33.8802649, -84.2745738), (33.8856445, -84.2847948), (33.8892669, -84.2855614), (33.8969698, -84.2817939)]"
11339,C,2026-03-14T19:11:13,2026-03-14T19:13:19,33.8967475,-84.2818476,33.9061586,-84.2700435,0.9391,driving,"[(33.8967475, -84.2818476), (33.9061586, -84.2700435)]"
11340,C,2026-03-14T23:39:56,2026-03-15T00:10:02,33.9064654,-84.269874,33.7807403,-84.3890866,12.747,driving,"[(33.9064654, -84.269874), (33.903738, -84.2730812), (33.8964881, -84.2657661), (33.8890595, -84.2640643), (33.8405928, -84.3132462), (33.8233036, -84.3559606), (33.7974872, -84.3935968), (33.7821671, -84.3915834), (33.7807403, -84.3890866)]"
11341,C,2026-03-15T00:21:09,2026-03-15T00:25:06,33.7794711,-84.3893185,33.7795067,-84.3820727,0.4905,driving,"[(33.7794734, -84.3852382), (33.7807373, -84.3836054), (33.7795067, -84.3820727)]"
11342,C,2026-03-15T00:36:30,2026-03-15T00:48:42,33.7795402,-84.3820989,33.7795856,-84.3889265,1.4425,driving,"[(33.7795402, -84.3820989), (33.7737481, -84.3832274), (33.7758386, -84.3884338), (33.7768267, -84.390362)]"
11343,C,2026-03-15T01:21:52,2026-03-15T01:51:09,33.7795598,-84.3901301,33.9733871,-84.4702401,17.0252,driving,"[(33.7804406, -84.3878366), (33.7795598, -84.3901301), (33.7821338, -84.3906458), (33.7857236, -84.3895839), (33.7984641, -84.3957709), (33.8072258, -84.4161829), (33.8879114, -84.4587741), (33.9388955, -84.5002351), (33.9620703, -84.4951728), (33.9730155, -84.4859909), (33.9757055, -84.4709245), (33.9751621, -84.4679238), (33.9733871, -84.4702401)]"
11344,C,2026-03-15T17:16:29,2026-03-15T17:18:35,33.97362,-84.4703561,33.9792416,-84.4638978,0.5684,driving,"[(33.97362, -84.4703561), (33.9792416, -84.4638978)]"
11345,C,2026-03-15T17:27:59,2026-03-15T18:02:03,33.9813121,-84.4632282,33.918404,-84.3491888,11.0026,driving,"[(33.9794067, -84.4639559), (33.9813121, -84.4632282), (33.9792901, -84.459067), (33.9787466, -84.4351248), (33.9822932, -84.4290003), (33.9764601, -84.415784), (33.9500174, -84.411414), (33.9405855, -84.4013606), (33.9359179, -84.3875259), (33.9371776, -84.3698487), (33.935394, -84.3642773), (33.9337062, -84.3619557), (33.9295863, -84.3599125), (33.9300131, -84.356185), (33.9268908, -84.3546408), (33.9290525, -84.3465992), (33.9270027, -84.3430738), (33.926152, -84.3372708), (33.9238806, -84.3382312), (33.9228188, -84.3403505), (33.9206507, -84.342129), (33.920605, -84.3451548), (33.918404, -84.3491888)]"
11346,C,2026-03-15T21:45:10,2026-03-15T21:58:00,33.9182402,-84.3490336,33.8972944,-84.2818922,5.5229,driving,"[(33.919665, -84.3474086), (33.9205673, -84.3397045), (33.918055, -84.338159), (33.9193464, -84.2945395), (33.9029324, -84.2744944), (33.899113, -84.2789425), (33.8972944, -84.2818922)]"
11347,C,2026-03-16T02:54:16,2026-03-16T03:12:56,33.8971271,-84.2816881,33.7760522,-84.3890389,13.2094,driving,"[(33.9015687, -84.2754494), (33.9004115, -84.2708862), (33.889822, -84.262907), (33.8447693, -84.306226), (33.797667, -84.3935021), (33.7819023, -84.3915796), (33.7805833, -84.3887532)]"
11348,C,2026-03-16T20:57:07,2026-03-16T21:17:40,33.7750971,-84.3896087,33.906587,-84.2694166,14.1008,driving,"[(33.7724722, -84.3888211), (33.7702632, -84.3889531), (33.7896459, -84.3892331), (33.7966631, -84.3934192), (33.8212592, -84.3596474), (33.842071, -84.3079409), (33.892967, -84.2601171), (33.9032939, -84.2731608)]"
11349,C,2026-03-17T01:46:08,2026-03-17T02:17:39,33.907991,-84.2869157,33.9736241,-84.470338,15.9739,driving,"[(33.9104751, -84.2857709), (33.9110157, -84.2883936), (33.9143454, -84.2853345), (33.917731, -84.2911772), (33.9203656, -84.3274283), (33.9102557, -84.3626841), (33.9176827, -84.4066743), (33.9210569, -84.4066524), (33.9303048, -84.4116524), (33.9425605, -84.4043504), (33.9474125, -84.4095148), (33.973361, -84.4133073), (33.9784846, -84.4183956), (33.9821577, -84.4268088), (33.9781391, -84.4370683), (33.9780635, -84.4657376), (33.9751119, -84.4680083)]"
11350,C,2026-03-17T17:30:45,2026-03-17T17:59:13,33.9738659,-84.4699651,33.7795752,-84.3894506,17.4243,driving,"[(33.9738659, -84.4699651), (33.9761596, -84.467894), (33.973981, -84.4839459), (33.9608291, -84.497558), (33.9532591, -84.4974888), (33.9509424, -84.4981286), (33.9439334, -84.4993068), (33.9402929, -84.5049389), (33.9278136, -84.4884852), (33.8572569, -84.4331406), (33.8132914, -84.4207725), (33.8052053, -84.4134848), (33.7967379, -84.3951819), (33.7870001, -84.3919251), (33.7851347, -84.3892488), (33.7795752, -84.3894506)]"
11351,C,2026-03-17T18:10:24,2026-03-17T18:11:26,33.778935,-84.3886169,33.7759665,-84.3888991,0.2057,driving,"[(33.778935, -84.3886169), (33.7759665, -84.3888991)]"
11352,C,2026-03-17T22:18:35,2026-03-17T22:29:49,33.7755839,-84.3887822,33.7739294,-84.3829025,0.5514,driving,"[(33.7755839, -84.3887822), (33.7759876, -84.3830436), (33.7739294, -84.3829025)]"
11353,C,2026-03-18T00:23:43,2026-03-18T00:30:07,33.7737781,-84.383082,33.7799154,-84.3892285,0.7503,driving,"[(33.7737781, -84.383082), (33.7751009, -84.3874057), (33.7790815, -84.3872311), (33.7799154, -84.3892285)]"
11354,C,2026-03-18T00:47:02,2026-03-18T01:09:21,33.7802436,-84.390606,33.9798321,-84.4626789,17.2564,driving,"[(33.7865931, -84.3893469), (33.7914212, -84.3905998), (33.7974579, -84.3950442), (33.8053558, -84.4131609), (33.8135571, -84.4205771), (33.8565933, -84.4324872), (33.9297818, -84.4890873), (33.9420716, -84.5021671), (33.9450759, -84.4991941), (33.9621513, -84.4950786), (33.9724449, -84.4866533), (33.9741477, -84.4802515), (33.9743992, -84.4766287), (33.9798321, -84.4626789)]"
11355,C,2026-03-18T01:16:41,2026-03-18T01:18:44,33.9794181,-84.4637069,33.973453,-84.4702694,0.5581,driving,"[(33.9794181, -84.4637069), (33.973453, -84.4702694)]"
11356,C,2026-03-18T05:39:05,2026-03-18T06:05:02,33.9734968,-84.4702142,33.7759536,-84.3891517,17.4929,driving,"[(33.9752421, -84.46788), (33.9745767, -84.4836482), (33.9592049, -84.4983303), (33.9382114, -84.5023425), (33.9382045, -84.497974), (33.9302284, -84.4887421), (33.8529433, -84.4298423), (33.8123601, -84.4206589), (33.7866264, -84.3920006), (33.7819279, -84.3901731), (33.7759536, -84.3891517)]"
11357,C,2026-03-18T19:07:52,2026-03-18T19:28:49,33.7802458,-84.3872834,33.9064794,-84.2692358,12.6798,driving,"[(33.7802458, -84.3872834), (33.7830139, -84.3878773), (33.7860322, -84.3876748), (33.7947766, -84.3884738), (33.7984507, -84.3917488), (33.8121758, -84.3691896), (33.812552, -84.3640672), (33.8739043, -84.2776538), (33.8882245, -84.2627084), (33.9038106, -84.272649)]"
11358,C,2026-03-18T23:29:21,2026-03-18T23:34:39,33.9064891,-84.2690921,33.9088387,-84.2877813,1.6951,driving,"[(33.9048103, -84.2734188), (33.900296, -84.2762099), (33.9106362, -84.2856491)]"
11359,C,2026-03-19T00:56:37,2026-03-19T01:18:12,33.9083316,-84.2883588,33.7803094,-84.3888202,13.2873,driving,"[(33.9083316, -84.2883588), (33.9001761, -84.2713823), (33.8675392, -84.2837292), (33.8529276, -84.2968326), (33.8066093, -84.3810972), (33.8021983, -84.3839265), (33.7987708, -84.3927725), (33.7911594, -84.3886553), (33.7858983, -84.3903407), (33.788883, -84.3888265), (33.7803094, -84.3888202)]"
12000,D,2025-12-10T21:44:21,2025-12-10T23:37:23,34.0243652,-84.4321716,34.0244048,-84.4321459,0.015,driving,"[(34.0315047, -84.4370803), (34.0367548, -84.448006), (34.0357652, -84.4623327), (34.0431177, -84.4853549), (34.0323464, -84.527699), (34.036134, -84.5328432), (34.0359562, -84.5471106)]"
12001,D,2025-12-11T01:58:38,2025-12-11T02:03:02,34.0359616,-84.5469992,34.0389828,-84.5303826,1.009,driving,"[(34.0359616, -84.5469992), (34.0350429, -84.5441329), (34.0389828, -84.5303826)]"
12002,D,2025-12-11T02:11:16,2025-12-11T02:28:30,34.0391933,-84.5302734,34.0367148,-84.5450033,1.0651,driving,"[(34.0391933, -84.5302734), (34.0367148, -84.5450033)]"
12003,D,2025-12-11T06:10:42,2025-12-11T06:44:25,34.0317458,-84.5404023,34.0243867,-84.4321906,7.655,driving,"[(34.0369413, -84.5449269), (34.0317458, -84.5404023), (34.0363202, -84.5459466), (34.035024, -84.5458944), (34.0325206, -84.5284775), (34.0425134, -84.4812211), (34.0367767, -84.4664014), (34.037684, -84.4486181), (34.0243867, -84.4321906)]"
12004,D,2025-12-11T23:27:50,2025-12-12T01:54:43,34.0263743,-84.5244453,34.0263056,-84.5236143,0.6054,driving,"[(34.0245572, -84.4320027), (34.0316011, -84.4364354), (34.0377052, -84.4486955), (34.0362979, -84.4613245), (34.0442368, -84.4881744), (34.0382819, -84.5173199), (34.030614, -84.5278128), (34.0264175, -84.5265981), (34.0262307, -84.523548), (34.0319283, -84.5276911), (34.0360857, -84.5277494)]"
12005,D,2025-12-12T01:57:59,2025-12-12T02:17:56,34.0388733,-84.5303765,34.0501143,-84.5352745,2.6863,driving,"[(34.0388733, -84.5303765), (34.0343216, -84.5515389), (34.0501143, -84.5352745)]"
12006,D,2025-12-12T05:01:02,2025-12-12T05:23:54,34.0479708,-84.5371958,34.0243906,-84.4321971,8.7344,driving,"[(34.0517704, -84.5308667), (34.0744092, -84.4932118), (34.0426914, -84.4839809), (34.0342857, -84.4444036), (34.0276192, -84.4335191)]"
12007,D,2025-12-12T23:11:57,2025-12-12T23:18:25,34.0244965,-84.4320107,34.0235155,-84.4231579,1.0083,driving,"[(34.0244965, -84.4320107), (34.0293215, -84.4325038), (34.0235155, -84.4231579)]"
12008,D,2025-12-12T23:42:53,2025-12-13T00:01:12,34.0238988,-84.4230081,34.0104241,-84.4285907,1.0888,driving,"[(34.0238988, -84.4230081), (34.0235204, -84.4259697), (34.0104241, -84.4285907), (34.0092639, -84.425965)]"
12009,D,2025-12-13T02:02:31,2025-12-13T04:09:29,34.016689,-84.4938686,34.0166069,-84.4934093,0.03,driving,"[(34.0072533, -84.4257547), (34.0050088, -84.4266794), (34.0043732, -84.4359169), (34.0155558, -84.4292959), (34.0235062, -84.4370818), (34.0271271, -84.4327589), (34.0252194, -84.432066), (34.016689, -84.4938686), (34.0166367, -84.4935807), (34.0246126, -84.5282806), (34.0132218, -84.4963117), (34.0165991, -84.4939424), (34.0447725, -84.5293992), (34.0499493, -84.5361024), (34.0479854, -84.537195)]"
12010,D,2025-12-13T08:11:31,2025-12-13T08:47:44,34.0479784,-84.5373867,34.024388,-84.432189,6.2399,driving,"[(34.0479784, -84.5373867), (34.024388, -84.432189)]"
12011,D,2025-12-13T23:15:22,2025-12-13T23:19:42,34.0244785,-84.4321699,34.0391276,-84.4614888,1.9603,driving,"[(34.0244785, -84.4321699), (34.0391276, -84.4614888)]"
12012,D,2025-12-14T00:01:16,2025-12-14T00:07:48,34.0373201,-84.4607456,34.0253636,-84.4318987,1.9554,driving,"[(34.0373201, -84.4607456), (34.0253636, -84.4318987)]"
12013,D,2025-12-14T19:49:41,2025-12-14T20:02:19,34.0243951,-84.4321838,34.0312895,-84.4661273,2.5735,driving,"[(34.0243951, -84.4321838), (34.0291505, -84.4362806), (34.0319575, -84.4365336), (34.0377891, -84.4488326), (34.0358086, -84.4622728), (34.0312895, -84.4661273)]"
12014,D,2025-12-14T20:08:47,2025-12-14T20:17:22,34.0314593,-84.4656628,34.0238311,-84.4230625,2.8946,driving,"[(34.0314593, -84.4656628), (34.0368161, -84.4605179), (34.0264839, -84.4238075), (34.0238311, -84.4230625)]"
12015,D,2025-12-14T20:42:36,2025-12-14T22:53:56,34.0243954,-84.432176,33.7598495,-84.3947143,20.2537,driving,"[(34.0254595, -84.422619), (34.0251283, -84.4324086), (34.0052356, -84.4361024), (34.0067029, -84.4254481), (33.9856548, -84.425965), (33.9697626, -84.4491263), (33.7598495, -84.3947143)]"
12016,D,2025-12-15T01:40:43,2025-12-15T04:40:57,33.7406371,-84.3465919,34.0246741,-84.4318674,26.1777,driving,"[(33.7569887, -84.3949261), (33.7574282, -84.3922779), (33.7605391, -84.393816), (33.7643635, -84.3960929), (33.744226, -84.3845946), (33.7406371, -84.3465919), (33.7401704, -84.3463656), (33.7402666, -84.3491465), (33.7579859, -84.3809815), (33.9694738, -84.4893121), (33.9694745, -84.4893165), (33.9804016, -84.4249804), (34.0054261, -84.4247327), (34.0232549, -84.4364309), (34.0291402, -84.4363022), (34.0264502, -84.4309077)]"
12017,D,2025-12-15T23:24:18,2025-12-15T23:38:29,34.0253568,-84.431989,34.0585021,-84.5210932,5.699,driving,"[(34.0364471, -84.4474759), (34.0462787, -84.4938564), (34.0585021, -84.5210932)]"
12018,D,2025-12-15T23:44:33,2025-12-15T23:49:08,34.0577063,-84.5221008,34.0480235,-84.5375105,1.1072,driving,"[(34.0577063, -84.5221008), (34.0480235, -84.5375105)]"
12019,D,2025-12-16T04:55:51,2025-12-16T05:11:24,34.0484334,-84.5368167,34.0246033,-84.4318102,6.8346,driving,"[(34.0484334, -84.5368167), (34.0494343, -84.5278482), (34.0566572, -84.5188457), (34.0384274, -84.4689403), (34.0284557, -84.433731), (34.0264404, -84.4309925), (34.0246033, -84.4318102)]"
12020,D,2025-12-16T20:40:54,2025-12-16T20:51:28,34.0247148,-84.4318978,34.0390962,-84.4619935,2.0796,driving,"[(34.0247148, -84.4318978), (34.0325217, -84.4392228), (34.0390962, -84.4619935)]"
12021,D,2025-12-16T21:37:47,2025-12-16T22:24:03,34.0249394,-84.4317744,34.0244028,-84.4319427,0.0612,driving,"[(34.0388913, -84.461811), (34.0320003, -84.438506), (34.0249394, -84.4317744), (34.0231242, -84.4339906)]"
12022,D,2025-12-17T02:27:43,2025-12-17T02:29:45,34.02289,-84.4341956,34.0243981,-84.4321622,0.1563,driving,"[(34.02289, -84.4341956), (34.0243981, -84.4321622)]"
12023,D,2025-12-18T01:13:43,2025-12-18T01:20:02,34.0244849,-84.4321182,34.039034,-84.4615588,1.9627,driving,"[(34.0244849, -84.4321182), (34.039034, -84.4615588)]"
12024,D,2025-12-18T02:38:32,2025-12-18T02:48:05,34.039034,-84.4615588,34.0233743,-84.4231739,2.48,driving,"[(34.039034, -84.4615588), (34.0298373, -84.4327749), (34.0241415, -84.4252378), (34.0233743, -84.4231739)]"
12025,D,2025-12-18T03:18:48,2025-12-18T03:25:19,34.0238179,-84.4231596,34.0246597,-84.4319602,1.102,driving,"[(34.0238179, -84.4231596), (34.0284463, -84.4352131), (34.026906, -84.4326537), (34.0246597, -84.4319602)]"
12026,D,2025-12-18T16:41:18,2025-12-18T19:14:39,34.0203541,-84.3645556,34.1002322,-84.2401979,9.0072,driving,"[(34.0203541, -84.3645556), (34.1002322, -84.2401979)]"
12027,D,2025-12-18T21:21:32,2025-12-18T22:57:10,34.1000224,-84.2401178,34.0441451,-84.3411687,8.468,driving,"[(34.1000224, -84.2401178), (34.0867662, -84.2626129), (34.0993571, -84.2649167), (34.070781, -84.2893075), (34.0711768, -84.2964271), (34.0441451, -84.3411687)]"
12028,D,2025-12-18T22:59:10,2025-12-18T23:25:18,34.0441265,-84.3411574,34.0244348,-84.4320352,6.2469,driving,"[(34.0206561, -84.3635699), (34.0241253, -84.4092233), (34.0282763, -84.4310451), (34.0244348, -84.4320352)]"
12029,D,2025-12-19T20:50:45,2025-12-19T22:42:14,34.0118782,-84.4690942,34.0117701,-84.4689538,0.031,driving,"[(34.0244077, -84.4321838), (34.0266725, -84.4316316), (34.0292023, -84.4364486), (34.0118782, -84.4690942), (34.0184541, -84.4547103), (34.0280619, -84.4365867), (34.0273351, -84.4332387), (34.0244458, -84.4320599)]"
12030,D,2025-12-20T03:20:55,2025-12-20T04:50:32,34.0243912,-84.4321772,34.0249058,-84.4319248,0.09,driving,"[(34.0229236, -84.4343511), (34.0243912, -84.4321772), (34.024417, -84.4323057), (34.024417, -84.4323057), (34.0243985, -84.4321602), (34.0266887, -84.4315993), (34.0326188, -84.4393733), (34.0376127, -84.4583168)]"
12031,D,2025-12-20T04:59:51,2025-12-20T05:08:20,34.0367859,-84.4642819,34.0247783,-84.4319106,2.1808,driving,"[(34.0367859, -84.4642819), (34.0321094, -84.4384576), (34.0267464, -84.4318126), (34.0247783, -84.4319106)]"
12032,D,2025-12-20T22:26:39,2025-12-20T22:34:56,34.0245384,-84.4320477,34.0392119,-84.4613199,2.078,driving,"[(34.0245384, -84.4320477), (34.0271695, -84.4328296), (34.0318287, -84.4373913)]"
12033,D,2025-12-21T00:02:19,2025-12-21T00:13:43,34.0388391,-84.4616978,34.0246927,-84.4319725,2.0709,driving,"[(34.037158, -84.4602808), (34.035381, -84.4463712), (34.0280112, -84.4343205)]"
12034,D,2025-12-21T14:45:09,2025-12-21T21:49:46,33.9667426,-84.480785,33.9667695,-84.4804932,0.0168,driving,"[(34.0282439, -84.4371393), (34.0197928, -84.4295225), (34.0161093, -84.4296381), (33.974754, -84.4744124), (33.9667426, -84.480785), (33.9705898, -84.477728), (33.9943887, -84.4348263), (34.0015691, -84.4355228), (34.0199028, -84.4294608), (34.0230005, -84.4359386), (34.0244819, -84.4318931), (34.0271664, -84.4328112), (34.026523, -84.4408055), (34.0120623, -84.4714994), (33.9809285, -84.4811476), (33.9671661, -84.4916328), (33.9675731, -84.4885116), (33.9413039, -84.5041043), (33.8041059, -84.4138852), (33.8019139, -84.4133937), (33.7998283, -84.3971984), (33.7845637, -84.3912975), (33.6411313, -84.4196902), (33.6400757, -84.394761), (33.6400083, -84.3880343), (33.6348256, -84.3901652), (33.6296368, -84.3855322)]"
12035,D,2025-12-21T22:31:57,2025-12-21T23:36:25,33.6206368,-84.3828915,33.9198503,-84.3526432,22.8474,driving,"[(33.6206368, -84.3828915), (33.636661, -84.3937905), (33.6409754, -84.4010198), (33.6415847, -84.4153195), (33.6420819, -84.4193241), (33.641885, -84.4127508), (33.690795, -84.4042984), (33.9085878, -84.3518033), (33.9198503, -84.3526432)]"
12036,D,2025-12-21T23:43:02,2025-12-21T23:56:10,33.9198094,-84.3526824,33.9182701,-84.3508426,0.1498,driving,"[(33.9182701, -84.3508426), (33.919044, -84.3514115)]"
12037,D,2025-12-22T02:52:51,2025-12-22T03:20:50,33.9185187,-84.3494901,34.0244273,-84.4321622,9.2846,driving,"[(33.9185187, -84.3494901), (33.9365264, -84.3842661), (33.9679995, -84.4118498), (33.9832053, -84.4272778), (34.0222091, -84.4326137)]"
12038,D,2025-12-22T21:25:47,2025-12-22T23:06:27,34.0164137,-84.5567963,34.0046238,-84.5689059,2.0932,driving,"[(34.0243951, -84.4321957), (34.0262851, -84.4310298), (34.0267452, -84.4371633), (34.0135473, -84.495715), (34.0203214, -84.5167836), (34.0164137, -84.5567963), (34.0189656, -84.5567261), (34.0206948, -84.5543082), (34.0057693, -84.5699453), (34.0046238, -84.5689059)]"
12039,D,2025-12-22T23:56:51,2025-12-23T00:11:02,34.0051756,-84.5696856,34.0235131,-84.527476,2.9995,driving,"[(34.0051756, -84.5696856), (34.0068444, -84.5709444), (34.0198267, -84.5287135), (34.0235131, -84.527476)]"
12040,D,2025-12-23T01:24:05,2025-12-23T01:41:28,34.0246079,-84.5279635,34.0243869,-84.4320395,5.9843,driving,"[(34.0409547, -84.4721312), (34.0273674, -84.4348263), (34.0243869, -84.4320395)]"
12041,D,2025-12-23T20:12:47,2025-12-23T21:12:44,34.0248777,-84.4318773,33.9156565,-84.3441625,16.9838,driving,"[(34.0245282, -84.4319411), (34.0263483, -84.4308582), (34.0277144, -84.4338707), (33.9735114, -84.4859822), (33.9504624, -84.5094892), (33.9480492, -84.5048458), (33.9156565, -84.3441625)]"
12042,D,2025-12-23T23:19:57,2025-12-23T23:32:22,33.9184699,-84.3494348,33.9224989,-84.3156795,1.9633,driving,"[(33.9184699, -84.3494348), (33.9202538, -84.3247859), (33.9224989, -84.3156795)]"
12043,D,2025-12-24T00:09:47,2025-12-24T00:17:56,33.9223666,-84.3157903,33.9223666,-84.3157903,0.0,driving,"[(33.9223666, -84.3157903), (33.9223666, -84.3157903)]"
12044,D,2025-12-24T00:36:23,2025-12-24T01:02:46,33.9191105,-84.3502264,34.0247639,-84.4319057,9.9582,driving,"[(33.9190344, -84.3544677), (33.9268131, -84.3575054), (33.9373142, -84.3786821), (33.9849604, -84.425965), (34.0203662, -84.4335136), (34.0285449, -84.4369474)]"
12045,D,2025-12-24T19:57:49,2025-12-24T20:42:59,34.0243929,-84.4321787,33.9177372,-84.3630498,14.7453,driving,"[(34.0243929, -84.4321787), (34.0265849, -84.4313947), (34.0261254, -84.4236159), (33.9966051, -84.434901), (33.9776499, -84.4674111), (33.9734658, -84.4701644), (33.9817748, -84.4306251), (33.9780925, -84.4185316), (33.9666693, -84.4122702), (33.953483, -84.4116161), (33.9385272, -84.3960191), (33.9370579, -84.3703925), (33.9315839, -84.3612687), (33.9270001, -84.3598137), (33.9182362, -84.3633491)]"
12046,D,2025-12-24T23:08:37,2025-12-24T23:23:46,33.9174743,-84.3627386,33.9062617,-84.2699078,6.8832,driving,"[(33.9174743, -84.3627386), (33.918261, -84.3492138), (33.9177639, -84.3470133), (33.9154031, -84.3473809), (33.9125369, -84.3495133), (33.913555, -84.351545), (33.9199176, -84.3311189), (33.9189871, -84.2937146), (33.9020905, -84.2730888)]"
12047,D,2025-12-24T23:46:52,2025-12-25T00:06:54,33.906423,-84.2693151,33.9181807,-84.3492243,4.7196,driving,"[(33.906423, -84.2693151), (33.9192247, -84.3373042), (33.9181807, -84.3492243), (33.9187135, -84.3512992), (33.9191051, -84.3762276), (33.9199063, -84.3789581)]"
12048,D,2025-12-25T00:10:24,2025-12-25T00:38:42,33.9269525,-84.3787366,33.9513177,-84.521474,12.2397,driving,"[(33.9242026, -84.3793524), (33.9073681, -84.4308881), (33.894291, -84.4554832), (33.9385149, -84.502139), (33.9621518, -84.5182865), (33.9601353, -84.5276152)]"
12049,D,2025-12-25T01:14:53,2025-12-25T01:32:52,33.9504565,-84.5209562,34.047915,-84.5372509,7.3702,driving,"[(33.9504565, -84.5209562), (33.9765914, -84.5485428)]"
12050,D,2025-12-25T05:02:30,2025-12-25T05:41:51,34.0479686,-84.5372342,34.0245441,-84.432114,13.112,driving,"[(34.0479686, -84.5372342), (34.0465492, -84.5335897), (34.0208142, -84.5267235), (34.0136793, -84.497227), (33.9741082, -84.4785553), (33.9767646, -84.4680009), (33.9736031, -84.4703442), (33.9953179, -84.4355067), (34.0203551, -84.4300802), (34.0268123, -84.4372215), (34.0285489, -84.4349202), (34.0264766, -84.4309792)]"
12051,D,2025-12-26T01:56:15,2025-12-26T02:08:18,34.0250238,-84.4319472,33.9782615,-84.4284264,4.0649,driving,"[(34.0272694, -84.4242076), (33.9995839, -84.4343324), (33.9850028, -84.4274309), (33.9794617, -84.4292372), (33.9782615, -84.4284264)]"
12052,D,2025-12-26T05:05:48,2025-12-26T05:18:28,33.9783194,-84.4290969,34.0249696,-84.4318953,4.0605,driving,"[(33.9783194, -84.4290969), (33.9897754, -84.4275933), (34.0032584, -84.4361078), (34.0176446, -84.4291138), (34.0241205, -84.4372975), (34.0249696, -84.4318953)]"
12053,D,2025-12-26T14:43:16,2025-12-26T17:46:40,34.026566,-84.4312756,32.868273,-83.7632349,97.0201,driving,"[(34.026566, -84.4312756), (34.0291419, -84.4368947), (34.0077449, -84.4734068), (33.969023, -84.4888257), (33.8744166, -84.4468266), (33.8590622, -84.4345429), (33.812214, -84.419946), (33.7968587, -84.3927291), (33.7885115, -84.3891116), (33.6531, -84.3951041), (33.5818045, -84.3653072), (33.5460077, -84.2793961), (33.5349194, -84.2659041), (33.5345365, -84.2618806), (33.5242985, -84.2527497), (33.5129782, -84.2400009), (33.4883896, -84.2181637), (33.462782, -84.2079522), (33.3910043, -84.1591764), (33.3506335, -84.1235426), (33.2543758, -84.0920078), (33.1754879, -84.046313), (33.0679125, -83.9722765), (32.9754619, -83.8305636), (32.8803428, -83.7589207)]"
12054,D,2025-12-26T18:17:35,2025-12-26T20:53:24,32.8669555,-83.7535506,30.4516149,-82.9333317,184.2669,driving,"[(32.8669555, -83.7535506), (32.8775803, -83.7663121), (32.8596813, -83.7470957), (32.780437, -83.7156906), (32.7207755, -83.728713), (32.6053328, -83.742792), (32.4688001, -83.7451526), (32.0907811, -83.7728578), (31.9596689, -83.7546062), (31.8425902, -83.7157777), (31.748796, -83.6609413), (31.5351145, -83.526843), (31.374345, -83.4940973), (31.2778798, -83.4742466), (31.1674416, -83.4497769), (31.0771947, -83.4092011), (30.9548488, -83.3774364), (30.8945836, -83.3510538), (30.6968079, -83.2436606), (30.6130077, -83.1475812), (30.5135656, -83.052646), (30.4938553, -83.0321093), (30.4516149, -82.9333317)]"
12055,D,2025-12-26T21:10:32,2025-12-26T22:56:59,30.4520908,-82.9346906,29.98148,-81.4633052,102.1849,driving,"[(30.4520908, -82.9346906), (30.2780268, -81.6182539), (30.1157265, -81.5154808), (30.0659466, -81.4980876), (29.983802, -81.4641166), (29.9818922, -81.4610384)]"
12056,D,2025-12-26T23:12:46,2025-12-27T00:44:52,29.981953,-81.4619527,28.6668849,-80.8732151,97.9894,driving,"[(29.9816132, -81.4629882), (29.9807157, -81.4603984), (29.9846384, -81.464203)]"
12057,D,2025-12-27T00:56:21,2025-12-27T03:45:39,28.6670547,-80.8732217,26.1893463,-80.2033458,185.5992,driving,"[(28.6313884, -80.8555839), (28.5349896, -80.85182), (28.3590953, -80.794273), (28.2663294, -80.7327018), (27.9905999, -80.625059), (27.7281916, -80.546706), (27.546405, -80.4711012), (27.4130797, -80.397352), (27.2937912, -80.4025697), (27.1301097, -80.3298404), (27.0044522, -80.2051953), (26.8852877, -80.130034), (26.7333997, -80.0941723), (26.6377665, -80.0613504), (26.5532076, -80.0672872), (26.468836, -80.0868408), (26.359544, -80.1200427), (26.267566, -80.1273472), (26.2398893, -80.1373215), (26.1876947, -80.1539174)]"
12058,D,2025-12-27T15:14:22,2025-12-27T15:48:44,26.1892307,-80.2034489,26.1053226,-80.2500792,19.4745,driving,"[(26.1858488, -80.1883443), (26.1659002, -80.1576855), (26.0885796, -80.1653597), (26.0811289, -80.1661802), (26.0804444, -80.1349244), (26.0817073, -80.1303429), (26.0915686, -80.2180375), (26.099229, -80.2499201)]"
12059,D,2025-12-27T16:18:11,2025-12-27T18:31:04,26.0973743,-80.2514731,25.1279257,-80.4113441,77.5854,driving,"[(26.0216442, -80.4307396), (25.7627999, -80.4831069), (25.6883619, -80.4783634), (25.6354002, -80.480796), (25.4351043, -80.4780159), (25.2873285, -80.4442995), (25.2610536, -80.4388665), (25.1288316, -80.4102217), (25.1365968, -80.404139), (25.1279257, -80.4113441)]"
12060,D,2025-12-27T18:42:11,2025-12-27T19:09:56,25.1272511,-80.4118886,24.9954239,-80.5386513,12.2023,driving,"[(25.0028475, -80.5336275), (25.0020658, -80.5355448), (24.9985433, -80.5376812), (24.9965131, -80.5384331)]"
12061,D,2025-12-27T19:32:51,2025-12-27T21:09:39,24.9952102,-80.5385656,24.6819364,-81.2301874,51.134,driving,"[(24.9952102, -80.5385656), (24.9763195, -80.5522532), (24.855997, -80.7303392), (24.8239682, -80.8158054), (24.7309145, -81.0269844), (24.715665, -81.0774762)]"
12062,D,2025-12-27T21:11:29,2025-12-27T22:17:04,24.6819234,-81.2301477,24.547916,-81.7968542,39.0501,driving,"[(24.6725977, -81.2475809), (24.6720703, -81.3590188), (24.6608163, -81.4452372), (24.6614315, -81.4402491), (24.6647036, -81.5049652), (24.6243401, -81.5947697), (24.5964871, -81.6586182), (24.5740508, -81.7395031), (24.5684008, -81.7689662), (24.5601469, -81.7798071), (24.5568177, -81.7900787), (24.5522278, -81.7910753), (24.5478313, -81.7977954), (24.5482072, -81.8002397), (24.547916, -81.7968542)]"
12063,D,2025-12-28T00:17:13,2025-12-28T01:42:18,24.5477913,-81.7979037,24.7183142,-81.0668861,49.3385,driving,"[(24.5539988, -81.8030761), (24.5557641, -81.8065794), (24.5531797, -81.8047423), (24.5522651, -81.8018625), (24.5535936, -81.7953643), (24.6630603, -81.4781873), (24.6705608, -81.3456135), (24.6725977, -81.2475809), (24.6749728, -81.2441389), (24.7183142, -81.0668861)]"
12064,D,2025-12-28T01:48:38,2025-12-28T03:32:52,24.7182976,-81.066885,25.4796889,-80.4635737,77.9589,driving,"[(24.7182976, -81.066885), (24.7646113, -80.9483031), (24.8412394, -80.7919219), (24.8524825, -80.7361662), (24.8830878, -80.6907714), (24.921488, -80.6313447), (24.9463268, -80.6025302), (24.9739764, -80.5546315), (25.0625502, -80.4748882), (25.1323193, -80.406534), (25.1764641, -80.3763286), (25.1963609, -80.4147571), (25.205179, -80.4209105), (25.454461, -80.4756806)]"
12065,D,2025-12-28T04:06:39,2025-12-28T05:32:29,25.4809959,-80.4631641,26.1885921,-80.1533163,52.9284,driving,"[(25.4797705, -80.4623167), (25.5065569, -80.4391614), (25.5337038, -80.4136427), (25.546984, -80.4007041), (26.1885921, -80.1533163), (26.1876385, -80.1540072)]"
12066,D,2025-12-28T16:39:24,2025-12-28T16:48:30,26.1881829,-80.1551665,26.227203,-80.1551526,3.0213,driving,"[(26.2236187, -80.1564067), (26.2280213, -80.1565139), (26.2283172, -80.154035)]"
12067,D,2025-12-28T17:29:08,2025-12-28T17:38:18,26.2266832,-80.1547836,26.2735308,-80.1481,3.6205,driving,"[(26.2296026, -80.1565504), (26.2315238, -80.1566211), (26.2412694, -80.1514112), (26.2737831, -80.1519684), (26.2735308, -80.1481)]"
12068,D,2025-12-28T17:55:57,2025-12-28T18:33:59,26.2744626,-80.1481166,26.3693033,-80.2026785,9.5343,driving,"[(26.2742138, -80.1480721), (26.2740389, -80.1859831), (26.3172307, -80.1865177), (26.341192, -80.1881848), (26.3454631, -80.1975134), (26.3517084, -80.202589), (26.3678895, -80.2025326)]"
12069,D,2025-12-28T19:21:10,2025-12-28T20:24:11,26.3711202,-80.2033575,26.5296407,-80.0479777,21.5178,driving,"[(26.3711346, -80.2024201), (26.3940932, -80.2034686), (26.3941016, -80.1344556), (26.3928263, -80.121427), (26.3871913, -80.1207893), (26.3860404, -80.0852398), (26.3863206, -80.0678428), (26.377832, -80.0677693), (26.4044403, -80.0651681), (26.446387, -80.0615233), (26.4776411, -80.0562254), (26.5296407, -80.0479777)]"
12070,D,2025-12-28T21:11:16,2025-12-28T23:04:43,26.5291729,-80.0483716,27.9993148,-80.6480883,112.3494,driving,"[(26.5272028, -80.0482781), (26.5269839, -80.0579324), (26.5467493, -80.0563394), (26.549246, -80.0597737), (26.5507766, -80.0679646), (27.1630904, -80.3910903), (27.2939448, -80.4206552), (27.4155068, -80.3903945), (27.4488683, -80.3979313), (27.5548982, -80.4721078)]"
12071,D,2025-12-28T23:08:29,2025-12-28T23:28:37,27.9993139,-80.6480519,28.0795199,-80.7017039,6.677,driving,"[(28.017553, -80.6512122), (28.0301009, -80.6607939), (28.0358874, -80.6598144), (28.0566237, -80.6807188)]"
12072,D,2025-12-29T01:23:52,2025-12-29T01:35:14,28.0798949,-80.7019724,28.0369273,-80.6718895,4.591,driving,"[(28.0798949, -80.7019724), (28.0780068, -80.699877), (28.0787964, -80.6755889), (28.0369273, -80.6718895)]"
12073,D,2025-12-29T01:44:01,2025-12-29T01:59:31,28.0366065,-80.6728541,28.0799063,-80.7025705,3.938,driving,"[(28.0366065, -80.6728541), (28.0799063, -80.7025705)]"
12074,D,2025-12-29T15:17:40,2025-12-29T17:43:59,28.0795551,-80.7017278,30.0659244,-81.4977446,148.2643,driving,"[(28.0795551, -80.7017278), (28.0920278, -80.7058607), (28.2280119, -80.7178034), (28.306558, -80.7545248), (28.3914607, -80.8161514), (28.6135876, -80.8542117), (28.6179586, -80.8502595), (28.7327813, -80.8801516), (28.8641633, -80.9183322), (28.9787326, -80.9461736), (29.1100264, -81.0320871), (29.246852, -81.1118199), (29.4049891, -81.1456326), (29.5556401, -81.21522), (29.746902, -81.347676), (29.8623882, -81.3954417), (29.9834434, -81.4641166), (29.9854805, -81.4645619), (29.9819789, -81.4609868), (29.9893397, -81.4555356), (30.0659244, -81.4977446)]"
12075,D,2025-12-29T18:05:07,2025-12-29T19:51:39,30.0633809,-81.5054386,31.0596158,-81.4198293,90.105,driving,"[(30.2072043, -81.511123), (30.2702629, -81.5231272), (30.3211056, -81.5274341), (30.4419339, -81.5922944), (30.514148, -81.6387233), (30.6085982, -81.6536777), (31.1348761, -81.5790074), (31.1185606, -81.5416443), (31.0885195, -81.4208586), (31.0583606, -81.4467345)]"
12076,D,2025-12-29T21:03:47,2025-12-29T21:30:48,31.1041994,-81.4067129,31.1039968,-81.4045557,5.4571,driving,"[(31.0603359, -81.4198201), (31.054121, -81.4109896), (31.1041994, -81.4067129), (31.1390132, -81.3841043)]"
12077,D,2025-12-29T21:58:10,2025-12-29T22:34:11,31.1041715,-81.4067022,31.1393079,-81.5813329,11.798,driving,"[(31.1051223, -81.41399), (31.0888291, -81.4201718), (31.126006, -81.553002), (31.1393079, -81.5813329)]"
12078,D,2025-12-30T01:17:54,2025-12-30T01:24:19,31.1393633,-81.5811937,31.1410469,-81.5875228,0.3919,driving,"[(31.1393633, -81.5811937), (31.1410469, -81.5875228)]"
12079,D,2025-12-30T01:35:38,2025-12-30T01:46:16,31.1413471,-81.5869923,31.1382152,-81.5798232,1.6176,driving,"[(31.1413471, -81.5869923), (31.1368198, -81.5703144), (31.1382152, -81.5798232)]"
12080,D,2025-12-30T01:54:55,2025-12-30T01:56:56,31.1382221,-81.5798348,31.1392391,-81.5813027,0.1117,driving,"[(31.1382221, -81.5798348), (31.1392391, -81.5813027)]"
12081,D,2025-12-30T14:19:43,2025-12-30T14:34:25,31.1405012,-81.5814104,31.2137021,-81.4859484,8.6158,driving,"[(31.1405012, -81.5814104), (31.1432244, -81.5810894), (31.172476, -81.5399906), (31.2017119, -81.5214082), (31.2037233, -81.5061768), (31.216536, -81.4978063), (31.2184884, -81.4930123), (31.2132643, -81.4906541), (31.2137021, -81.4859484)]"
12082,D,2025-12-30T14:59:38,2025-12-30T15:18:32,31.2139387,-81.4868673,31.1350772,-81.3963815,10.5685,driving,"[(31.2142313, -81.4858487), (31.213044, -81.4902327), (31.1851712, -81.4705461), (31.1621817, -81.4764892), (31.1612391, -81.4743207), (31.1720181, -81.4289056), (31.1697032, -81.4169659), (31.1646624, -81.4098601), (31.1365014, -81.3956969)]"
12083,D,2025-12-30T15:29:14,2025-12-30T15:37:45,31.135344,-81.3962169,31.1462431,-81.3734944,1.7038,driving,"[(31.1343694, -81.3935332), (31.1352298, -81.3897585), (31.1373419, -81.3845757)]"
12084,D,2025-12-30T15:43:48,2025-12-30T16:04:35,31.1559872,-81.3678245,31.1729327,-81.4063291,3.6713,driving,"[(31.1459432, -81.3734061), (31.1572268, -81.366895), (31.1468309, -81.3746727), (31.1476091, -81.3793166), (31.1506024, -81.3807318), (31.1526774, -81.3846567), (31.1573812, -81.3860562), (31.1595156, -81.3883523), (31.1668, -81.4055884), (31.169681, -81.4073646)]"
12085,D,2025-12-30T16:12:00,2025-12-30T17:46:20,31.1671064,-81.409906,31.7838059,-82.3626184,76.7698,driving,"[(31.1735222, -81.4060009), (31.1690718, -81.4078972), (31.1672143, -81.4102608), (31.1693802, -81.4077176), (31.1676255, -81.4050592), (31.1664861, -81.411143), (31.1704309, -81.4203189), (31.1714399, -81.4311701), (31.162895, -81.453903), (31.1614248, -81.4745071), (31.163468, -81.4757727), (31.1715593, -81.4743853), (31.173642, -81.4908262), (31.1707246, -81.5016076), (31.1753278, -81.5040537), (31.2082686, -81.5106104), (31.2454361, -81.546518), (31.3139524, -81.5811425), (31.3930689, -81.6444013), (31.4675901, -81.7173498), (31.5372405, -81.7973441), (31.5949147, -81.8703668), (31.5999797, -81.8716991), (31.626083, -81.9175374), (31.6611302, -82.0168825), (31.6679498, -82.0364308), (31.6925985, -82.128952), (31.7039839, -82.1335779), (31.7217699, -82.1705439), (31.7528387, -82.274539), (31.7784279, -82.3483139), (31.7838059, -82.3626184)]"
12086,D,2025-12-30T18:15:53,2025-12-30T20:10:54,31.7854306,-82.362832,32.7965511,-83.5710399,109.7169,driving,"[(31.7838027, -82.363048), (31.7854304, -82.3653616), (31.8938524, -82.6112086), (31.9290804, -82.6791858), (31.9816322, -82.6415306), (32.1864027, -82.6755153), (32.3362101, -82.7800397), (32.4987113, -82.992971), (32.5395709, -83.1158057), (32.5719237, -83.2387232), (32.6115541, -83.3409106), (32.676741, -83.4804809), (32.729296, -83.5365023)]"
12087,D,2025-12-30T20:37:47,2025-12-30T20:46:11,32.7983853,-83.5702272,32.8737605,-83.6628261,7.6999,driving,"[(32.7983853, -83.5702272), (32.8015423, -83.5696326), (32.861057, -83.6455897), (32.8743877, -83.6623066), (32.8737605, -83.6628261)]"
12088,D,2025-12-30T20:53:22,2025-12-31T00:04:06,32.873492,-83.6627384,34.0244216,-84.4322106,105.4745,driving,"[(32.9288543, -83.7129106), (33.0249166, -83.7451747), (33.0278918, -83.7458178), (33.1773658, -83.8450573), (33.280679, -83.8962204), (33.3333156, -83.9085048), (33.3378959, -83.9101469), (33.4285601, -83.8955581), (33.5169569, -83.9237102), (33.5656838, -83.90242), (33.6016102, -83.9146844), (33.6303438, -83.95608), (33.6665396, -84.0317667), (33.7026425, -84.1492101), (33.7391426, -84.3290141), (33.7503429, -84.3813099), (33.75596, -84.3795361), (33.8111653, -84.4203346), (33.9213886, -84.4836747), (33.9448243, -84.4989625), (33.9727464, -84.4866037), (34.0244216, -84.4322106), (34.0227979, -84.4347076)]"
12089,D,2025-12-31T05:18:24,2025-12-31T05:36:43,34.0229307,-84.4344068,34.0243816,-84.4321855,0.162,driving,"[(34.0229307, -84.4344068), (34.0243816, -84.4321855)]"
12090,D,2025-12-31T13:40:51,2025-12-31T14:02:46,34.0267478,-84.4320348,33.9801665,-84.444696,4.1611,driving,"[(34.0243793, -84.4320866), (34.0267478, -84.4320348), (34.0291185, -84.4370294), (34.0241397, -84.4372363), (34.0158922, -84.4300614), (33.9868245, -84.439177), (33.9792562, -84.4454308)]"
12091,D,2025-12-31T14:26:41,2025-12-31T14:42:27,33.9802133,-84.4446631,34.0253593,-84.4319105,3.8997,driving,"[(33.9802133, -84.4446631), (33.9946085, -84.4347126), (34.0187684, -84.4287095), (34.0269641, -84.4369796), (34.0253593, -84.4319105)]"
12092,D,2025-12-31T21:58:39,2025-12-31T22:28:27,34.024349,-84.4320864,33.918437,-84.3494382,10.9163,driving,"[(34.024349, -84.4320864), (34.0294499, -84.4370369), (34.0198713, -84.4297164), (34.0159444, -84.4297957), (34.0123126, -84.4324568), (33.999155, -84.4346951), (33.9667372, -84.411943), (33.9510158, -84.411843), (33.9381088, -84.3944499), (33.9356615, -84.3863037), (33.9362999, -84.3686048), (33.9195412, -84.3511327), (33.918437, -84.3494382)]"
12093,D,2026-01-01T01:39:22,2026-01-01T01:53:05,33.918715,-84.3491163,33.9078017,-84.286961,4.2714,driving,"[(33.9203359, -84.3465184), (33.9198593, -84.3390355), (33.918447, -84.3358864), (33.9183213, -84.2926199), (33.9151704, -84.2889688), (33.9112079, -84.2885508), (33.9084163, -84.289046), (33.9078017, -84.286961)]"
12094,D,2026-01-01T02:36:31,2026-01-01T03:15:28,33.9087648,-84.2883117,33.917833,-84.3489281,3.5317,driving,"[(33.9087648, -84.2883117), (33.917833, -84.3489281)]"
12095,D,2026-01-01T18:59:48,2026-01-01T19:17:49,33.9194928,-84.3515407,33.9188874,-84.3499065,2.5559,driving,"[(33.9194928, -84.3515407), (33.9206024, -84.3456996), (33.9277467, -84.3442075), (33.9336446, -84.3534966)]"
12096,D,2026-01-01T19:19:17,2026-01-01T21:16:50,34.0244734,-84.432122,34.0246678,-84.4318853,0.0595,driving,"[(33.9189289, -84.3537082), (33.9300197, -84.3573738), (33.935884, -84.3872677), (33.980084, -84.4256368), (33.9945504, -84.4325023), (34.0286513, -84.4353404), (34.0265683, -84.4312964), (34.0244734, -84.432122), (34.0364085, -84.4622299), (34.0421776, -84.4924303), (34.0363024, -84.519366)]"
12097,D,2026-01-02T00:09:34,2026-01-02T01:49:46,34.0244061,-84.4322038,34.0243912,-84.4321772,0.0303,driving,"[(34.0253623, -84.5257478), (34.0370442, -84.5186296), (34.0419739, -84.4929556), (34.0356279, -84.4628486), (34.0371544, -84.4550333), (34.0320261, -84.4384899), (34.0292302, -84.4365954), (34.0263011, -84.4309125), (34.0244061, -84.4322038), (34.0271647, -84.4328116), (34.03236, -84.438843), (34.0385885, -84.4692263), (34.0373889, -84.4662569), (34.0511048, -84.5350311)]"
12098,D,2026-01-02T05:06:35,2026-01-02T05:24:44,34.0482612,-84.5373886,34.0245125,-84.4318413,6.9781,driving,"[(34.0482612, -84.5373886), (34.0518133, -84.5322079), (34.0495185, -84.5279296), (34.0567771, -84.5208958), (34.0417051, -84.4730593), (34.027964, -84.4340355)]"
12099,D,2026-01-02T23:42:47,2026-01-02T23:53:08,34.0243947,-84.4322093,34.0231828,-84.4322632,0.0838,driving,"[(34.0243947, -84.4322093), (34.0229033, -84.4344017)]"
12100,D,2026-01-03T05:03:20,2026-01-03T05:11:14,34.0228473,-84.4344255,34.0232345,-84.4319992,0.1415,driving,"[(34.0232345, -84.4319992), (34.0244066, -84.4322016)]"
12101,D,2026-01-03T19:30:46,2026-01-03T19:47:49,34.0243855,-84.4321715,33.9737952,-84.4701272,5.9894,driving,"[(34.0243855, -84.4321715), (34.0266254, -84.431663), (34.0288249, -84.4351051), (34.0270298, -84.4370156), (34.026283, -84.4444762), (34.0140713, -84.4583138), (34.0122803, -84.4626426), (34.0124649, -84.4694974), (34.0086557, -84.4728057), (34.0031877, -84.4730591), (33.9794473, -84.4619892), (33.9768894, -84.4682012), (33.9750216, -84.4681424)]"
12102,D,2026-01-03T19:52:51,2026-01-03T21:17:04,33.9736389,-84.4702935,33.3446592,-84.1831732,52.2428,driving,"[(33.9736389, -84.4702935), (33.974994, -84.4724349), (33.946409, -84.498878), (33.8210546, -84.4223925), (33.7855789, -84.3914367), (33.7319984, -84.3929853), (33.5849919, -84.3741073), (33.5492551, -84.2890745), (33.5372863, -84.2718278), (33.5304418, -84.2590461), (33.5164206, -84.2453874), (33.5173836, -84.2434266), (33.5118185, -84.2361805), (33.4658359, -84.2135523), (33.4111157, -84.1634623), (33.3983638, -84.1788606), (33.3465358, -84.1813023), (33.3446592, -84.1831732)]"
12103,D,2026-01-03T21:36:35,2026-01-03T22:27:27,33.3450994,-84.18337,32.9163747,-83.732301,43.8143,driving,"[(33.3450994, -84.18337), (33.3445948, -84.1494957), (33.3528814, -84.1509333), (33.351586, -84.1281674), (33.2384292, -84.0819769), (33.0325773, -83.9191429), (32.9783245, -83.8306376), (32.9313475, -83.7263888), (32.92603, -83.7352443), (32.9163747, -83.732301)]"
12104,D,2026-01-03T22:43:52,2026-01-03T23:00:09,32.9163518,-83.7325,32.8362401,-83.6328591,9.1601,driving,"[(32.9163518, -83.7325), (32.9210847, -83.7306503), (32.9238461, -83.7244233), (32.8759552, -83.6645976), (32.8399323, -83.6478189), (32.8357053, -83.6377102), (32.8362401, -83.6328591)]"
12105,D,2026-01-04T00:54:41,2026-01-04T01:03:27,32.8362949,-83.6329038,32.8369614,-83.62728,0.7581,driving,"[(32.8362949, -83.6329038), (32.8371445, -83.6267759), (32.8356044, -83.624083), (32.8369614, -83.62728), (32.8364296, -83.6272154)]"
12106,D,2026-01-04T02:32:22,2026-01-04T02:49:05,32.8354038,-83.6263627,32.8987743,-83.6874855,5.9431,driving,"[(32.8468503, -83.6360765), (32.900378, -83.6873626), (32.8987743, -83.6874855)]"
12107,D,2026-01-04T02:58:59,2026-01-04T03:11:12,32.8988223,-83.6875897,32.9165163,-83.732538,3.289,driving,"[(32.8988223, -83.6875897), (32.9172662, -83.7184191), (32.9210141, -83.7308822), (32.9165163, -83.732538)]"
12108,D,2026-01-04T03:20:47,2026-01-04T03:36:17,32.9163381,-83.7323732,33.0274695,-83.9138504,13.1996,driving,"[(32.9163381, -83.7323732), (32.9249219, -83.7341475), (32.979551, -83.8308429), (33.0274695, -83.9138504)]"
12109,D,2026-01-04T03:46:11,2026-01-04T05:33:21,33.3452352,-84.1820839,34.0245686,-84.43203,56.3981,driving,"[(33.064703, -83.9662323), (33.0733169, -83.9782979), (33.2130255, -84.0628267), (33.3567075, -84.1209189), (33.3440156, -84.1597223), (33.3426924, -84.1797375), (33.3450539, -84.1830854), (33.3974539, -84.1744298), (33.5187462, -84.2473794), (33.5809792, -84.3638441), (33.6838559, -84.3977942), (33.7981203, -84.3944975), (33.935464, -84.4945906), (33.9608242, -84.4951374), (33.9750258, -84.4680896), (33.9737979, -84.4702157), (33.9944514, -84.4379034), (34.0043538, -84.4359614), (34.0171635, -84.428718), (34.0211171, -84.4314674), (34.0228767, -84.4358234), (34.0276576, -84.4336215), (34.0245686, -84.43203)]"
12110,D,2026-01-05T21:08:19,2026-01-05T21:35:47,34.0244621,-84.4320038,33.9606456,-84.4991057,7.8628,driving,"[(34.0269964, -84.4325725), (34.0277407, -84.4376262), (34.0256721, -84.4368446), (34.0248915, -84.4334905), (34.0280544, -84.436618), (34.0265009, -84.4394744), (34.0262689, -84.4444894), (34.0124049, -84.4591378), (34.0119887, -84.4718149), (33.9829542, -84.4786349), (33.9764032, -84.48503), (33.9739029, -84.4853085)]"
12111,D,2026-01-05T22:22:00,2026-01-05T22:27:53,33.9605142,-84.4994186,33.9658364,-84.4912913,0.86,driving,"[(33.9605142, -84.4994186), (33.9586889, -84.5002595)]"
12112,D,2026-01-05T22:40:51,2026-01-05T22:59:33,33.9666439,-84.4917866,34.0227487,-84.4343889,5.9173,driving,"[(33.9666439, -84.4917866), (34.0046406, -84.473353), (34.0104959, -84.4727475), (34.0123555, -84.4683328), (34.0121167, -84.4637496), (34.0263161, -84.4446712)]"
12113,D,2026-01-06T06:42:59,2026-01-06T06:47:11,34.0228677,-84.434418,34.0244015,-84.4321092,0.1694,driving,"[(34.0228677, -84.434418), (34.0244015, -84.4321092)]"
12114,D,2026-01-07T01:22:00,2026-01-07T01:50:28,34.0243514,-84.4321632,34.0243568,-84.4321807,0.1725,driving,"[(34.0228395, -84.4344092), (34.0243514, -84.4321632), (34.0228969, -84.4344351)]"
12115,D,2026-01-07T04:42:51,2026-01-07T04:48:07,34.0228676,-84.4344221,34.0245563,-84.4318247,0.2327,driving,"[(34.0228676, -84.4344221), (34.0245563, -84.4318247)]"
12116,D,2026-01-07T21:54:54,2026-01-07T22:06:04,34.0244849,-84.4320265,34.038838,-84.4612221,2.0614,driving,"[(34.0244849, -84.4320265), (34.0268148, -84.4320205), (34.0326569, -84.4397852), (34.038838, -84.4612221)]"
12117,D,2026-01-07T23:03:46,2026-01-07T23:10:41,34.038944,-84.4619206,34.0026092,-84.4730734,2.6209,driving,"[(34.038944, -84.4619206), (34.0129225, -84.4725147)]"
12118,D,2026-01-08T00:59:18,2026-01-08T01:10:33,34.0022583,-84.4728772,34.0245514,-84.4320175,3.2264,driving,"[(34.0124627, -84.4677568), (34.023913, -84.4477989), (34.0271681, -84.4328329)]"
12119,D,2026-01-09T01:05:17,2026-01-09T01:16:04,34.0247372,-84.4319445,34.0390184,-84.4626235,2.1103,driving,"[(34.0272279, -84.4328849), (34.0371953, -84.4501582), (34.0390184, -84.4626235)]"
12120,D,2026-01-09T02:27:11,2026-01-09T02:38:43,34.0388354,-84.4614581,34.0244876,-84.4318348,2.0715,driving,"[(34.0372389, -84.4603123), (34.0326075, -84.4397093)]"
12121,D,2026-01-09T20:10:00,2026-01-09T20:42:44,34.0245497,-84.4318806,33.9183106,-84.3492947,10.0057,driving,"[(34.0245497, -84.4318806), (34.0273136, -84.4290243), (33.9738359, -84.4136618), (33.9398551, -84.3973502), (33.9372146, -84.3686216), (33.9243313, -84.3516122)]"
12122,D,2026-01-09T23:24:39,2026-01-09T23:29:55,33.9189248,-84.3497012,33.9287097,-84.3544798,0.7629,driving,"[(33.9189248, -84.3497012), (33.9205129, -84.3512732), (33.9244225, -84.3512036)]"
12123,D,2026-01-09T23:43:56,2026-01-09T23:47:38,33.9292565,-84.3544371,33.9188738,-84.350205,0.8703,driving,"[(33.9292565, -84.3544371), (33.9271981, -84.3520578), (33.9192887, -84.3512049)]"
12124,D,2026-01-09T23:53:46,2026-01-10T00:18:07,33.9188053,-84.3494281,33.964038,-84.1705827,12.5133,driving,"[(33.9188053, -84.3494281), (33.9204961, -84.3454799), (33.9205449, -84.3403391), (33.9176981, -84.3373873), (33.9201573, -84.3019497), (33.9180955, -84.2922086), (33.9112927, -84.2860723), (33.9235288, -84.2809794), (33.955214, -84.2196932), (33.9669131, -84.197176), (33.9669739, -84.1863919), (33.9710425, -84.1752644), (33.9700849, -84.17328), (33.9677265, -84.1732871), (33.964038, -84.1705827)]"
12125,D,2026-01-10T01:16:23,2026-01-10T01:21:50,33.9627092,-84.1706373,33.9698533,-84.1445089,1.5765,driving,"[(33.9627092, -84.1706373), (33.9698533, -84.1445089)]"
12126,D,2026-01-10T01:46:29,2026-01-10T01:58:03,33.9702137,-84.1438633,33.9623771,-84.1349796,0.7432,driving,"[(33.9702137, -84.1438633), (33.9623771, -84.1349796)]"
12127,D,2026-01-10T02:01:08,2026-01-10T02:34:46,33.9623822,-84.1349701,33.9628284,-84.1705792,2.0409,driving,"[(33.9623822, -84.1349701), (33.9628284, -84.1705792)]"
12128,D,2026-01-10T05:21:25,2026-01-10T05:42:25,33.964143,-84.1708916,33.9177825,-84.3499926,12.1998,driving,"[(33.9682979, -84.1732908), (33.970112, -84.1732573), (33.9706708, -84.1770619), (33.9667609, -84.1892235), (33.9677084, -84.1952785), (33.9413631, -84.2452305), (33.9241108, -84.2805671), (33.917048, -84.2845638), (33.9169062, -84.2900545), (33.9204898, -84.3003835), (33.9177825, -84.3499926)]"
12129,D,2026-01-10T18:51:00,2026-01-10T19:24:25,33.9177411,-84.3491913,34.0242619,-84.4263943,10.6521,driving,"[(33.9177411, -84.3491913), (33.9190312, -84.3510138), (33.917775, -84.3597738), (33.9357497, -84.365275), (33.9373774, -84.3754328), (33.935818, -84.3892083), (33.9511978, -84.4113249), (33.9764699, -84.4163466), (33.9808165, -84.425148), (33.9826998, -84.4268655), (34.0139326, -84.4311261), (34.0242619, -84.4263943), (34.0231944, -84.4252939)]"
12130,D,2026-01-10T19:46:19,2026-01-10T22:52:10,34.0246497,-84.4318643,34.0244496,-84.4319801,0.3552,driving,"[(34.0257047, -84.4233323), (34.0283876, -84.4312461), (34.0279353, -84.4340811), (34.0246497, -84.4318643), (34.0269594, -84.4323501), (34.0288422, -84.4353097), (34.0266421, -84.4370403), (34.0183313, -84.4288681), (33.9945665, -84.4346832), (33.9795657, -84.449804), (33.9794218, -84.4612153), (33.9751879, -84.467933), (33.9757362, -84.4718414), (33.9470753, -84.4988138), (33.8375075, -84.4300802), (33.7866398, -84.3874781), (33.7825495, -84.3824919), (33.7743984, -84.382874), (33.7739856, -84.384164)]"
12131,D,2026-01-11T00:28:34,2026-01-11T01:03:15,33.7741075,-84.3843162,33.8021591,-84.3932536,3.6141,driving,"[(33.7741075, -84.3843162), (33.7740109, -84.3888018), (33.7762212, -84.3888809), (33.7698748, -84.389597), (33.7908098, -84.3905164), (33.7941044, -84.3877193), (33.7995427, -84.3920644), (33.8015643, -84.3926631), (33.8020025, -84.3966507), (33.8023566, -84.3932061)]"
12132,D,2026-01-11T02:00:49,2026-01-11T02:12:06,33.8022645,-84.3948006,33.7804415,-84.3898455,1.8527,driving,"[(33.8027399, -84.3934937), (33.8017432, -84.3961895), (33.8027194, -84.3930773), (33.8006922, -84.3935529), (33.7841701, -84.3890779), (33.7804415, -84.3898455)]"
12133,D,2026-01-11T02:34:04,2026-01-11T02:55:31,33.7809497,-84.390485,33.9734601,-84.4702064,16.4994,driving,"[(33.7864334, -84.3904785), (33.8720518, -84.4460698), (33.9431418, -84.5000693), (33.9450683, -84.4986242), (33.9660984, -84.4914298), (33.9740405, -84.4819167), (33.9763541, -84.4675884)]"
12134,D,2026-01-11T03:01:56,2026-01-11T03:16:52,33.973456,-84.4701703,34.0245349,-84.4320215,5.6327,driving,"[(33.973456, -84.4701703), (33.9751682, -84.4680214), (33.984407, -84.4401772), (33.9952305, -84.4341786), (34.0096913, -84.4328737), (34.0149568, -84.4293383), (34.0287504, -84.437062), (34.0274648, -84.4332209)]"
12135,D,2026-01-11T22:41:22,2026-01-11T22:49:19,34.0243718,-84.4320774,34.0387816,-84.4611276,2.0729,driving,"[(34.0317508, -84.436708), (34.0387816, -84.4611276)]"
12136,D,2026-01-12T00:07:51,2026-01-12T00:20:04,34.0382385,-84.463268,34.0360037,-84.4626653,0.1582,driving,"[(34.0382385, -84.463268), (34.0360037, -84.4626653), (34.0372797, -84.4484661), (34.025252, -84.4321867)]"
12137,D,2026-01-12T22:21:06,2026-01-12T22:50:42,34.0245669,-84.431883,33.9184579,-84.3493407,10.9337,driving,"[(34.0292015, -84.4332994), (34.0272343, -84.4290564), (34.015752, -84.42992), (34.0064789, -84.4351368), (33.9909214, -84.4285866), (33.9848789, -84.4292971), (33.978132, -84.4184982), (33.9423118, -84.4056921), (33.9329412, -84.3612785)]"
12138,D,2026-01-13T02:12:32,2026-01-13T02:25:27,33.9189962,-84.3494185,33.9639204,-84.4098656,5.2904,driving,"[(33.9183019, -84.3489308), (33.9331535, -84.3613527), (33.9372742, -84.3683057), (33.9371011, -84.377941), (33.9358855, -84.3889805), (33.940104, -84.3981934), (33.9639204, -84.4098656)]"
12139,D,2026-01-13T02:32:54,2026-01-13T02:48:41,33.9650565,-84.4091933,34.0243975,-84.4321341,5.2614,driving,"[(33.9650565, -84.4091933), (33.9785164, -84.4198563), (33.9826502, -84.4265766), (34.0150318, -84.430379), (34.0289848, -84.4356879), (34.0269838, -84.4324688)]"
12140,D,2026-01-13T16:40:44,2026-01-13T17:13:18,34.0243558,-84.4321953,34.0997073,-84.2392517,14.2244,driving,"[(34.0243558, -84.4321953), (34.0293554, -84.4330326), (34.0274063, -84.4269031), (34.0265907, -84.3754526), (34.0228366, -84.3635298), (34.0257521, -84.3541618), (34.0262731, -84.3418774), (34.0209832, -84.3222528), (34.0881687, -84.262942), (34.0997073, -84.2392517)]"
12141,D,2026-01-13T22:14:47,2026-01-13T22:32:33,34.0999537,-84.2390393,34.091514,-84.2785616,2.7015,driving,"[(34.0999537, -84.2390393), (34.0936408, -84.2433588), (34.0908114, -84.2474007), (34.0867687, -84.2645679), (34.0915216, -84.2764521), (34.0911611, -84.2792999)]"
12142,D,2026-01-13T22:57:44,2026-01-14T01:43:24,34.0247617,-84.4318948,34.0243438,-84.4321625,0.3828,driving,"[(34.0913423, -84.2787688), (34.0878235, -84.2700165), (34.0354526, -84.3080155), (34.0378498, -84.3127597), (34.0223543, -84.3251534), (34.02808, -84.3350705), (34.025651, -84.3594999), (34.022979, -84.3620114), (34.0288041, -84.3914585), (34.0276358, -84.4335004), (34.0247617, -84.4318948), (34.0296613, -84.4321867), (34.027119, -84.4240576), (33.9838791, -84.4271939)]"
12143,D,2026-01-14T02:05:35,2026-01-14T02:11:10,33.982435,-84.4265903,34.0243717,-84.4320911,3.4574,driving,"[(33.982435, -84.4265903), (34.027589, -84.4370543), (34.0280304, -84.4341042), (34.0243717, -84.4320911)]"
12144,D,2026-01-14T16:20:32,2026-01-14T16:54:28,34.0243661,-84.4319962,34.0999635,-84.2390541,13.5353,driving,"[(34.0243661, -84.4319962), (34.0281444, -84.4307464), (34.0256267, -84.3700234), (34.0231675, -84.3618816), (34.0263484, -84.3418151), (34.027339, -84.3201827), (34.0893053, -84.2577032), (34.0999635, -84.2390541)]"
12145,D,2026-01-14T22:21:51,2026-01-15T00:37:24,34.0246246,-84.4319327,34.0244585,-84.4318715,0.0983,driving,"[(34.0999186, -84.2392865), (34.0714355, -84.2685369), (34.057227, -84.2801001), (34.0345788, -84.311633), (34.0237807, -84.3288845), (34.0256743, -84.3548768), (34.0260436, -84.3827535), (34.0295307, -84.4322343), (34.0246246, -84.4319327), (34.0314923, -84.4359369), (34.038797, -84.4613576)]"
12146,D,2026-01-15T01:56:34,2026-01-15T02:02:51,34.0388383,-84.4622871,34.0244711,-84.4318345,2.0065,driving,"[(34.0388383, -84.4622871), (34.0244711, -84.4318345)]"
12147,D,2026-01-15T16:24:27,2026-01-15T17:03:48,34.0244119,-84.4319552,34.0998313,-84.2388362,13.3266,driving,"[(34.0212592, -84.4072534), (34.023259, -84.3621762), (34.0254516, -84.3578923), (34.0241927, -84.3302371), (34.0349714, -84.3126196), (34.0935858, -84.242467), (34.0998313, -84.2388362)]"
12148,D,2026-01-15T22:09:20,2026-01-15T22:34:46,34.1007469,-84.2392051,34.1266724,-84.1398649,7.4035,driving,"[(34.1012339, -84.2370074), (34.0987108, -84.2338007), (34.0972881, -84.2270513), (34.1004257, -84.2203524), (34.0994848, -84.2124255), (34.1163634, -84.1768229), (34.1238605, -84.1710279), (34.1234112, -84.1687228), (34.1114899, -84.1529109), (34.1176011, -84.1485724), (34.12446, -84.1405975)]"
12149,D,2026-01-15T23:02:46,2026-01-15T23:48:41,34.1266798,-84.1398393,34.0243045,-84.432264,21.7355,driving,"[(34.1266798, -84.1398393), (34.1239505, -84.1406399), (34.1135562, -84.1521371), (34.1139312, -84.1543765), (34.1242641, -84.1703362), (34.1102441, -84.1866542), (34.1079779, -84.1948022), (34.1008036, -84.2091582), (34.1033977, -84.2129302), (34.1018626, -84.2160893), (34.1067453, -84.2173105), (34.1108919, -84.2202832), (34.1122619, -84.2218077), (34.1153799, -84.2231165), (34.0853041, -84.2634981), (34.0626994, -84.2750617), (34.0547743, -84.2847866), (34.0401817, -84.3147687), (34.0404606, -84.3226562), (34.033164, -84.341138), (34.0362229, -84.3430536), (34.0310909, -84.3534274), (34.0257802, -84.4099096), (34.0263708, -84.4310964)]"
12150,D,2026-01-16T23:28:08,2026-01-17T00:03:54,34.0245934,-84.4319299,33.9335037,-84.3492565,10.74,driving,"[(34.0278038, -84.4271634), (34.0123046, -84.432367), (33.9426184, -84.4036417), (33.9366694, -84.3645556), (33.9278516, -84.3464818), (33.9344223, -84.3458244)]"
12151,D,2026-01-17T00:14:56,2026-01-17T00:51:53,33.9340808,-84.3501582,33.9222619,-84.3155792,3.3236,driving,"[(33.9340808, -84.3501582), (33.9341207, -84.3392507), (33.9335499, -84.3356692), (33.9188037, -84.3385933)]"
12152,D,2026-01-17T01:16:47,2026-01-17T01:32:23,33.9222692,-84.3156557,33.9193915,-84.3514115,2.0597,driving,"[(33.9222692, -84.3156557), (33.9193915, -84.3514115), (33.9181596, -84.3489988)]"
12153,D,2026-01-17T02:07:46,2026-01-17T02:30:52,33.9186288,-84.3490999,34.024416,-84.4318484,10.364,driving,"[(33.9186288, -84.3490999), (33.9372243, -84.3767112), (33.9362053, -84.3924769), (33.9864132, -84.4239982), (34.0199152, -84.4312163), (34.0293196, -84.4366409)]"
12154,D,2026-01-17T21:49:28,2026-01-17T22:53:32,34.0242953,-84.4322661,33.9296177,-84.3546978,15.111,driving,"[(34.0273255, -84.4330412), (34.0380609, -84.471898), (34.0435197, -84.4755559), (34.036131, -84.4635331), (34.0273644, -84.4253134), (33.9862221, -84.4276098), (33.9768609, -84.4170538), (33.9775971, -84.4193094), (33.9613559, -84.4108649), (33.936322, -84.3645556), (33.9296177, -84.3546978)]"
12155,D,2026-01-17T23:03:52,2026-01-17T23:10:57,33.9283052,-84.3545337,33.9199327,-84.3632413,0.7641,driving,"[(33.9283052, -84.3545337), (33.9199327, -84.3632413)]"
12156,D,2026-01-18T15:25:45,2026-01-18T15:32:03,33.9186798,-84.3491268,33.9248062,-84.3814046,2.0936,driving,"[(33.9186798, -84.3491268), (33.9191336, -84.3763857), (33.9204027, -84.3789801), (33.9240387, -84.3800043), (33.9248062, -84.3814046)]"
12157,D,2026-01-18T17:03:07,2026-01-18T17:13:42,33.9253352,-84.3812956,33.9211346,-84.3819669,0.2928,driving,"[(33.9253352, -84.3812956), (33.9211346, -84.3819669)]"
12158,D,2026-01-18T22:59:27,2026-01-18T23:33:00,33.9182298,-84.3489942,34.0243135,-84.4322534,10.303,driving,"[(33.9190125, -84.3510089), (33.9372707, -84.3762009), (33.9391029, -84.3964672), (33.9756594, -84.4154275), (33.9945285, -84.4318803), (34.0259131, -84.437208), (34.0263733, -84.4308913), (34.0243135, -84.4322534)]"
12159,D,2026-01-19T18:56:46,2026-01-19T19:02:29,34.0243013,-84.4322553,34.0216879,-84.4275381,0.3249,driving,"[(34.0243013, -84.4322553), (34.0216879, -84.4275381)]"
12160,D,2026-01-19T20:11:31,2026-01-19T20:15:55,34.0220379,-84.4274567,34.0225228,-84.426376,0.0704,driving,"[(34.0220379, -84.4274567), (34.0225228, -84.426376)]"
12161,D,2026-01-19T20:23:58,2026-01-19T20:31:58,34.023686,-84.422556,34.0276029,-84.4295704,0.4843,driving,"[(34.023686, -84.422556), (34.0276029, -84.4295704)]"
12162,D,2026-01-20T02:29:34,2026-01-20T02:47:50,34.024461,-84.4321215,34.0243163,-84.4322611,4.5631,driving,"[(34.024461, -84.4321215), (34.0366308, -84.4642861), (34.0195978, -84.4318727)]"
12163,D,2026-01-21T23:26:41,2026-01-21T23:48:58,34.025262,-84.4323197,34.0366918,-84.5450778,6.6892,driving,"[(34.0243066, -84.4322862), (34.0336718, -84.4436635)]"
12164,D,2026-01-22T03:51:53,2026-01-22T04:15:16,34.0367018,-84.5451546,34.0378338,-84.4638599,4.9369,driving,"[(34.0367018, -84.5451546), (34.0321373, -84.5281024), (34.0327967, -84.5250791), (34.0390553, -84.5158389), (34.0429898, -84.491543), (34.0378338, -84.4638599), (34.0362478, -84.4626713), (34.025246, -84.4322742)]"
12165,D,2026-01-22T16:31:41,2026-01-22T17:02:40,34.0244914,-84.4318262,34.0997259,-84.2390682,13.3839,driving,"[(34.0244914, -84.4318262), (34.026991, -84.4324976), (34.0257319, -84.3824644), (34.0272977, -84.3766393), (34.0231681, -84.3625292), (34.0888217, -84.2570514), (34.0913518, -84.2440313), (34.0960649, -84.2459693)]"
12166,D,2026-01-22T21:37:04,2026-01-22T22:04:50,34.0997854,-84.2393335,33.9175924,-84.349047,14.5636,driving,"[(34.0714968, -84.2698533), (33.9975364, -84.3362923)]"
12167,D,2026-01-23T00:02:55,2026-01-23T00:29:31,33.9188052,-84.3491451,33.9634917,-84.1706838,12.2673,driving,"[(33.9188052, -84.3491451), (33.9205095, -84.3447155), (33.9205287, -84.3404057), (33.9180856, -84.3366554), (33.9198119, -84.2962971), (33.9179251, -84.291809), (33.9129612, -84.2866797), (33.9213991, -84.282925), (33.9503217, -84.2294806), (33.9663616, -84.1982304), (33.9671574, -84.1853949), (33.970749, -84.1764862), (33.9697723, -84.1730756)]"
12168,D,2026-01-23T01:33:37,2026-01-23T02:33:16,33.961835,-84.1355343,33.9629314,-84.1704218,7.4981,driving,"[(33.9642893, -84.1709864), (33.9689496, -84.1737779), (33.9763418, -84.1631081), (33.9736363, -84.1574545), (33.9690809, -84.1528983), (33.9691258, -84.1471787), (33.961835, -84.1355343), (33.9695358, -84.1461088), (33.969548, -84.1537474), (33.9764412, -84.1631952), (33.971701, -84.1702751), (33.9669142, -84.1873621), (33.9671863, -84.1943143), (33.9701454, -84.1997328), (33.9692467, -84.2063302), (33.9687173, -84.196764), (33.9670097, -84.1940206), (33.9670075, -84.1861219), (33.9711257, -84.1742766), (33.9629314, -84.1704218)]"
12169,D,2026-01-23T06:05:44,2026-01-23T06:56:03,33.9177476,-84.3490908,34.0245141,-84.4321227,9.3988,driving,"[(33.9630706, -84.1704568), (33.9677256, -84.173279), (33.9698582, -84.1729683), (33.970823, -84.1762466), (33.9668218, -84.1883039), (33.9674344, -84.1948551), (33.9186872, -84.2833445), (33.9203104, -84.3391314), (33.9203746, -84.3425377), (33.9222324, -84.3451671), (33.9180272, -84.3492408), (33.918713, -84.3512705), (33.959922, -84.40988), (33.9939678, -84.4319867), (34.0245141, -84.4321227)]"
12170,D,2026-01-27T00:29:51,2026-01-27T00:39:47,34.0244798,-84.4321621,34.038994,-84.461183,2.0269,driving,"[(34.0244798, -84.4321621), (34.0279877, -84.4341503), (34.0370456, -84.4600521)]"
12171,D,2026-01-27T02:15:17,2026-01-27T02:26:30,34.039039,-84.4612282,34.0245152,-84.4318838,2.0689,driving,"[(34.0374606, -84.4587075), (34.0367981, -84.4479329), (34.0279931, -84.4341585)]"
12172,D,2026-01-28T01:05:49,2026-01-28T01:28:03,34.0244797,-84.4321596,34.0231975,-84.5290055,6.9802,driving,"[(34.0244797, -84.4321596), (34.0262072, -84.4308251), (34.0298406, -84.4370629), (34.0317231, -84.4366607), (34.0348876, -84.4451846), (34.0366823, -84.4469546), (34.0363345, -84.4623851), (34.0374581, -84.4661494), (34.0413816, -84.4734171), (34.0382849, -84.5173249), (34.0330624, -84.5242224), (34.0319122, -84.5278715), (34.0231975, -84.5290055)]"
12173,D,2026-01-28T01:30:14,2026-01-28T01:37:17,34.0233078,-84.5291215,34.0367314,-84.5449255,1.6464,driving,"[(34.0306429, -84.5277839), (34.0315612, -84.5304344), (34.0353402, -84.5356801), (34.0352381, -84.5430342), (34.0367314, -84.5449255)]"
12174,D,2026-01-28T03:36:55,2026-01-28T03:40:06,34.0367522,-84.5456191,34.0390639,-84.5303907,1.1672,driving,"[(34.0367522, -84.5456191), (34.0350477, -84.5465332), (34.0366058, -84.5318988), (34.0390639, -84.5303907)]"
12175,D,2026-01-28T03:57:46,2026-01-28T03:59:54,34.0391205,-84.5301931,34.0369831,-84.5449251,0.8563,driving,"[(34.0391205, -84.5301931), (34.0369831, -84.5449251)]"
12176,D,2026-01-28T05:37:09,2026-01-28T05:56:04,34.0367819,-84.5449833,34.0244274,-84.4319575,7.4308,driving,"[(34.0360444, -84.5473091), (34.0321049, -84.5280891), (34.0448889, -84.4889541), (34.0296195, -84.4334604), (34.0244274, -84.4319575)]"
12177,D,2026-01-28T22:13:46,2026-01-28T22:46:15,34.0244127,-84.4321354,33.9183129,-84.3493132,11.1806,driving,"[(34.0244127, -84.4321354), (34.0295581, -84.4322695), (34.0162949, -84.4295054), (34.0051634, -84.436117), (33.9956997, -84.4342422), (33.9859315, -84.4273424), (33.970842, -84.4135196), (33.9489684, -84.4108319), (33.9364154, -84.3928559), (33.9374096, -84.3744802), (33.9347214, -84.3634008), (33.9297638, -84.3601031), (33.9309622, -84.3537119), (33.9183129, -84.3493132)]"
12178,D,2026-01-29T02:15:20,2026-01-29T02:38:18,33.9184641,-84.3491476,34.0250942,-84.43191,10.5764,driving,"[(33.918944, -84.3537394), (33.9370231, -84.3678125), (33.9372753, -84.3939606), (33.9876618, -84.426964), (33.9962011, -84.4345492), (34.018722, -84.4287522), (34.0221677, -84.4340618), (34.028065, -84.4341463), (34.0250942, -84.43191)]"
12179,D,2026-01-29T23:01:49,2026-01-29T23:08:50,34.0244774,-84.4321644,34.0389258,-84.4615345,2.0564,driving,"[(34.0244774, -84.4321644), (34.0267679, -84.4318298)]"
12180,D,2026-01-29T23:56:23,2026-01-30T01:06:49,34.025142,-84.4321992,33.7828292,-84.3880552,21.7639,driving,"[(34.0372373, -84.4602042), (34.0353054, -84.4457283), (34.0308621, -84.4351588), (34.0253351, -84.4318367), (34.0271355, -84.4370279), (34.0203783, -84.453945), (34.0008235, -84.463894), (33.985129, -84.4590134), (33.9770142, -84.4682111), (33.9738489, -84.4808076), (33.9591951, -84.4984771), (33.9383363, -84.5022739), (33.8738259, -84.4459144), (33.8178013, -84.4224401), (33.8110632, -84.419615), (33.8035627, -84.4114592), (33.80416, -84.4091306), (33.8017888, -84.4074222), (33.803315, -84.4001139), (33.7887623, -84.3922363), (33.7891563, -84.389252), (33.7865932, -84.3903531)]"
12181,D,2026-01-30T04:21:52,2026-01-30T04:30:53,33.7825512,-84.3890363,33.7792411,-84.3891927,0.6039,driving,"[(33.7825512, -84.3890363), (33.7845968, -84.3865016)]"
12182,D,2026-01-30T08:29:34,2026-01-30T09:13:49,33.7792411,-84.3891927,34.0245016,-84.4321736,20.7123,driving,"[(33.7792411, -84.3891927), (33.7823652, -84.3878484), (33.781666, -84.4042984), (33.7907814, -84.4134913), (33.8037441, -84.4132528), (33.9200202, -84.4804245), (33.9511712, -84.4978153), (33.9981764, -84.4740741)]"
12183,D,2026-01-30T21:57:20,2026-01-30T22:28:31,34.0248834,-84.4317922,33.9187579,-84.3494394,10.9164,driving,"[(34.0294442, -84.4323571), (34.0263688, -84.4242419), (34.0073341, -84.4343589), (33.983518, -84.4277035), (33.9356848, -84.3862772), (33.9371181, -84.3678333), (33.9271697, -84.3523824), (33.9192099, -84.3513623)]"
12184,D,2026-01-30T22:43:11,2026-01-30T23:23:01,33.9190972,-84.3482701,33.9629753,-84.1704213,12.364,driving,"[(33.920531, -84.3434578), (33.9195722, -84.3388862), (33.9201549, -84.3098148), (33.9201522, -84.2983047), (33.9181565, -84.2922273), (33.9123524, -84.2867024), (33.923761, -84.2807245), (33.9444649, -84.2394625), (33.9557036, -84.2185475), (33.9667442, -84.197522), (33.9668866, -84.1873325), (33.9710965, -84.1742867), (33.9629753, -84.1704213)]"
12185,D,2026-01-31T03:41:01,2026-01-31T04:17:45,33.9629426,-84.1705041,33.9181602,-84.349256,11.9537,driving,"[(33.9680616, -84.173356), (33.9717836, -84.1744341), (33.9673464, -84.1951224), (33.9437139, -84.2396046), (33.9220848, -84.2835706), (33.9195957, -84.308286), (33.9219482, -84.3180204), (33.9192362, -84.3372991), (33.9217482, -84.3371558), (33.9176844, -84.3501181), (33.9190293, -84.3532348), (33.9209145, -84.3571537), (33.9269354, -84.3574494), (33.9337088, -84.3612013), (33.9371171, -84.3760128), (33.936778, -84.3815816), (33.9500306, -84.4118534)]"
12186,D,2026-01-31T04:23:44,2026-01-31T04:37:37,33.9661403,-84.4108035,34.0244797,-84.4321272,5.25,driving,"[(33.9661403, -84.4108035), (33.9747197, -84.4141042), (33.9841961, -84.4285678), (33.9937469, -84.4300063), (33.997764, -84.4342094), (34.0042409, -84.4363875), (34.0132994, -84.4318691), (34.0279376, -84.4365769)]"
12187,D,2026-02-01T22:08:15,2026-02-01T22:35:58,34.0244374,-84.4321297,33.9183433,-84.3493478,10.9395,driving,"[(34.026682, -84.4315537), (34.0280118, -84.4341357), (34.0279365, -84.4303082), (34.0171816, -84.4285484), (34.001982, -84.4354288), (33.9861173, -84.4275198), (33.9839148, -84.4274531), (33.9791605, -84.4214766), (33.9778057, -84.4174069), (33.9738, -84.414225), (33.9473983, -84.4095325), (33.936838, -84.3798516), (33.9352629, -84.3642681), (33.9252376, -84.3520721)]"
12188,D,2026-02-02T02:14:51,2026-02-02T02:22:33,33.9188515,-84.3485545,33.93453,-84.3377468,1.5421,driving,"[(33.9188515, -84.3485545), (33.920499, -84.3460279), (33.9206474, -84.3395306), (33.9272849, -84.3370163), (33.93453, -84.3377468)]"
12189,D,2026-02-02T03:16:43,2026-02-02T03:25:06,33.9355856,-84.3391731,33.9181614,-84.3491978,1.5311,driving,"[(33.9355856, -84.3391731), (33.9304983, -84.3369598), (33.9238384, -84.3396976), (33.9181614, -84.3491978)]"
12190,D,2026-02-02T13:24:02,2026-02-02T13:57:45,33.9183673,-84.349091,33.7741386,-84.3834109,12.3161,driving,"[(33.920496, -84.3460979), (33.9205673, -84.3399702), (33.9173334, -84.3419302), (33.9105589, -84.3579272), (33.8607646, -84.3693805), (33.8511415, -84.3697159), (33.8395122, -84.3598945), (33.8256626, -84.3607032), (33.8258764, -84.3666873), (33.808788, -84.3658838), (33.7974211, -84.3687779), (33.7864848, -84.3807353), (33.7741386, -84.3834109)]"
12191,D,2026-02-02T20:03:38,2026-02-02T21:05:12,33.8823523,-84.470536,34.0247574,-84.4318939,12.9251,driving,"[(33.7737777, -84.3838196), (33.7715735, -84.3861869), (33.8090289, -84.4172679), (33.8722073, -84.4458722), (33.9007433, -84.475452), (33.8966811, -84.4706897), (33.8842553, -84.4716877), (33.8824806, -84.4736998), (33.8682717, -84.4789102), (33.8652958, -84.4814801), (33.8875368, -84.4679034), (33.8823178, -84.4705481), (33.8873164, -84.4679461), (33.8982415, -84.4689491), (33.9386555, -84.4986414), (33.9499885, -84.4993063), (33.9915127, -84.4764739), (34.0105043, -84.4726094), (34.0123219, -84.4699919), (34.0128807, -84.4594841), (34.0225154, -84.4509275), (34.026832, -84.4372538), (34.029485, -84.4365403), (34.0268968, -84.4324514), (34.0247574, -84.4318939)]"
12192,D,2026-02-03T13:11:03,2026-02-03T14:17:58,34.0244417,-84.4321321,33.77378,-84.3838075,23.1783,driving,"[(34.0264392, -84.4307987), (34.027609, -84.4334199), (34.0199463, -84.4535867), (34.012983, -84.4592832), (34.0120107, -84.4719083), (33.9981112, -84.4739262), (33.9937589, -84.4774979), (33.9843448, -84.4776304), (33.9811542, -84.4807781), (33.959128, -84.4980001), (33.9569052, -84.4972676), (33.9523433, -84.4978759), (33.9436219, -84.5008317), (33.9406549, -84.5051727), (33.9317289, -84.4896538), (33.9278689, -84.4896336), (33.9256921, -84.4884195), (33.9239611, -84.483584), (33.9186804, -84.4817354), (33.9165922, -84.4835997), (33.9007496, -84.475456), (33.8829237, -84.4551195), (33.8323986, -84.4268887), (33.8060048, -84.4150513), (33.8006129, -84.3986843), (33.7896704, -84.3920977), (33.7826829, -84.3916107), (33.7816644, -84.3841712)]"
12193,D,2026-02-03T21:54:36,2026-02-04T00:30:20,34.0245112,-84.4318816,34.0245132,-84.4319619,0.095,driving,"[(33.7740027, -84.3832649), (33.7703794, -84.3835446), (33.878002, -84.4515483), (33.9243858, -84.484287), (33.9333184, -84.490918), (33.9360047, -84.4964407), (33.943117, -84.5000441), (33.9450694, -84.4986837), (33.9489596, -84.4992095), (33.9508436, -84.4972541), (33.9469827, -84.4868557), (33.9516404, -84.4789983), (33.9714779, -84.4780498), (33.9741869, -84.4768089), (33.9774056, -84.4659097), (33.9788694, -84.4642449), (33.9797423, -84.4623098), (33.9831713, -84.4621124), (33.9850417, -84.4590249), (34.0017124, -84.4639621), (34.0083955, -84.4632661), (34.0119342, -84.4635994), (34.0264919, -84.4417739), (34.0264187, -84.4377949), (34.0290665, -84.4368818), (34.027224, -84.4329565), (34.0245112, -84.4318816), (34.0262336, -84.4308292), (34.0330295, -84.441108), (34.0419873, -84.4814756), (34.0288643, -84.4312538), (34.0367075, -84.5460328)]"
12194,D,2026-02-04T03:41:22,2026-02-04T03:57:06,34.0362254,-84.5461219,34.0244861,-84.4321226,7.3147,driving,"[(34.0350807, -84.5466794), (34.0356833, -84.5370986), (34.0323162, -84.5283377), (34.0423367, -84.4938355), (34.035451, -84.4626704), (34.0374517, -84.4598922), (34.0373851, -84.4500156), (34.028422, -84.4346979), (34.0244861, -84.4321226)]"
12195,D,2026-02-04T12:34:28,2026-02-04T13:29:49,34.0249533,-84.431834,33.7737894,-84.3838159,22.5072,driving,"[(34.0225199, -84.4509268), (34.0123086, -84.4699831), (34.0113236, -84.472376), (33.9813872, -84.4806806), (33.9591827, -84.4981785), (33.9464746, -84.4988736), (33.9408408, -84.5050638), (33.9184, -84.4830477), (33.8805513, -84.452873), (33.8722788, -84.4460692), (33.8550862, -84.4320891), (33.8115971, -84.4197923), (33.805685, -84.414301), (33.8010019, -84.399882), (33.7963182, -84.3948967), (33.7717079, -84.3906333), (33.7712401, -84.3877361), (33.7737883, -84.3872685)]"
12196,D,2026-02-04T20:54:43,2026-02-05T00:03:06,34.0254839,-84.4316749,34.024442,-84.4319056,0.1678,driving,"[(33.774033, -84.38405), (33.7709092, -84.3878028), (33.7736357, -84.3898852), (33.8801385, -84.4541208), (33.9386833, -84.4986702), (33.9435827, -84.5008185), (33.9471225, -84.4858694), (33.958481, -84.477449), (33.9676858, -84.4801776), (33.9698253, -84.4783424), (33.9738948, -84.4777997), (33.9795917, -84.4565413), (33.9791399, -84.4483471), (33.9833372, -84.4408157), (34.0122531, -84.4324975), (34.022159, -84.4347051), (34.0254839, -84.4316749), (34.0313916, -84.4359622), (34.0376528, -84.4601869), (34.0393336, -84.4618356)]"
12197,D,2026-02-05T01:10:46,2026-02-05T01:17:35,34.0389175,-84.4613467,34.0244789,-84.432033,2.0423,driving,"[(34.0389175, -84.4613467), (34.0372241, -84.4604505), (34.0299332, -84.4365882)]"
12198,D,2026-02-05T13:38:32,2026-02-05T14:28:14,34.0244407,-84.4321107,33.7740578,-84.3842245,22.3423,driving,"[(34.0244407, -84.4321107), (34.0264423, -84.4308946), (34.0293033, -84.4366522), (33.9929045, -84.4611905), (33.9878511, -84.4593986), (33.9838701, -84.4605215), (33.9818553, -84.4667254), (33.9822216, -84.480194), (33.9723365, -84.4871485), (33.9479379, -84.4989788), (33.9407936, -84.5050737), (33.9391093, -84.5002011), (33.9249593, -84.4852021), (33.8866832, -84.4612999), (33.8829647, -84.4537088), (33.8017994, -84.4017106), (33.7847973, -84.390065), (33.7740683, -84.3882161), (33.7740578, -84.3842245)]"
12199,D,2026-02-06T00:34:11,2026-02-06T00:44:42,33.7796478,-84.3878059,33.7807258,-84.3890023,0.1519,driving,"[(33.7738343, -84.387569), (33.7804029, -84.3879076)]"
12200,D,2026-02-06T01:53:26,2026-02-06T02:03:27,33.7809811,-84.3891927,33.7741685,-84.3890209,0.561,driving,"[(33.7741685, -84.3890209), (33.7737202, -84.3878229)]"
12201,D,2026-02-06T02:09:55,2026-02-06T02:45:00,33.7732291,-84.3889012,34.0246067,-84.4318674,21.7173,driving,"[(33.7739578, -84.3882441), (33.7706892, -84.3889139), (33.7849556, -84.3902106), (33.8199803, -84.4234389), (33.8714244, -84.4427393), (33.914084, -84.4817649), (33.9251433, -84.4848153), (33.9437348, -84.5009764), (33.981729, -84.4803743), (34.0048183, -84.4738557), (34.0265356, -84.443793), (34.0280098, -84.434136), (34.0246067, -84.4318674)]"
12202,D,2026-02-06T15:02:49,2026-02-06T15:40:33,34.0253439,-84.4321542,33.7741333,-84.3882694,21.926,driving,"[(34.0244277, -84.4321385), (34.0270783, -84.4328538), (34.0284454, -84.4347755), (34.0284432, -84.4375338), (34.0227415, -84.4508387), (34.0054896, -84.4641464), (33.9832881, -84.462466), (33.9747551, -84.4852843), (33.9413007, -84.5056686), (33.8738256, -84.4459122), (33.822922, -84.4242193), (33.7894933, -84.3888916)]"
12203,D,2026-02-06T20:30:18,2026-02-07T00:43:42,34.0252633,-84.4322833,34.0254964,-84.431561,1.758,driving,"[(33.7698596, -84.3895211), (33.7997734, -84.3970642), (33.8216794, -84.42334), (33.9217765, -84.4833247), (33.9506223, -84.4955194), (33.9557442, -84.4774278), (33.9754952, -84.4705905), (33.9794416, -84.4615574), (34.0116354, -84.4616713), (34.0264685, -84.440684), (34.0252633, -84.4322833), (34.0273434, -84.4330046), (34.0291739, -84.4362143), (34.0296051, -84.4323481), (34.0244684, -84.4319362), (34.026831, -84.432208), (34.028501, -84.4335736), (34.025903, -84.4012063), (34.0291553, -84.395516), (34.0258413, -84.3852498), (34.0274793, -84.3806108), (34.023005, -84.3630924), (34.024437, -84.3609769), (34.0261858, -84.3400137), (34.0280946, -84.3362459)]"
12204,D,2026-02-07T00:52:38,2026-02-07T01:19:18,34.0268995,-84.3342478,34.0210269,-84.1360033,13.3164,driving,"[(34.0268995, -84.3342478), (34.0206545, -84.3198028), (34.0256295, -84.3014866), (34.020265, -84.2798524), (34.0243798, -84.2545624), (34.008648, -84.2158225), (34.0094561, -84.2066908), (34.0112633, -84.192538), (34.0174545, -84.1899996), (34.0043256, -84.1712536), (34.0203735, -84.1601698), (34.0229771, -84.144454), (34.0210269, -84.1360033)]"
12205,D,2026-02-07T06:01:36,2026-02-07T06:43:05,34.021204,-84.1375458,34.0245536,-84.431947,18.8333,driving,"[(34.0209176, -84.1361036), (34.0226453, -84.1379316), (34.0226279, -84.1566258), (34.0062885, -84.1703863), (34.0056321, -84.1745892), (34.0091162, -84.1817792), (34.0144032, -84.1852981), (34.0178443, -84.1899215), (34.0124738, -84.1918984), (34.0081905, -84.2125706), (34.023829, -84.2511716), (34.0243807, -84.2566561), (34.0219707, -84.2637169), (34.0204549, -84.2844138), (34.0257755, -84.2993902), (34.0205585, -84.3190363), (34.0212247, -84.3218879), (34.0296719, -84.3363468), (34.0266156, -84.3755942), (34.0280675, -84.425439), (34.0245536, -84.431947)]"
12206,D,2026-02-07T16:55:35,2026-02-07T17:43:52,34.024474,-84.4321522,33.8338463,-84.6102853,19.2288,driving,"[(34.024474, -84.4321522), (34.0272126, -84.4328851), (34.0291355, -84.436214), (34.0264761, -84.4374276), (34.0265693, -84.4421605), (34.0203126, -84.4533988), (34.0123888, -84.4601999), (34.01196, -84.4724873), (33.9826848, -84.4794), (33.9776796, -84.4844078), (33.9531768, -84.5054959), (33.950794, -84.511649), (33.9510205, -84.5221903), (33.941213, -84.5268335), (33.9433428, -84.534465), (33.940117, -84.5352071), (33.9363925, -84.5384206), (33.9344065, -84.5457178), (33.9293215, -84.5510165), (33.9186845, -84.5498176), (33.8958783, -84.5760195), (33.8868385, -84.5853106), (33.856561, -84.6016341), (33.8488983, -84.6079946), (33.8334581, -84.6117905)]"
12207,D,2026-02-07T20:51:48,2026-02-07T21:50:26,33.8348048,-84.6103787,33.8843416,-84.2676653,26.1981,driving,"[(33.8347467, -84.6093156), (33.8391193, -84.6110631), (33.8482511, -84.6083063), (33.8537148, -84.6035608), (33.854964, -84.5613329), (33.8450815, -84.5432226), (33.8452648, -84.5324696), (33.8444871, -84.5295213), (33.846446, -84.5089518), (33.8475423, -84.5062268), (33.8546163, -84.4973776), (33.8548476, -84.4935414), (33.8616536, -84.4916111), (33.8619411, -84.48917), (33.8614475, -84.4857766), (33.8624453, -84.4824026), (33.863977, -84.4799616), (33.8661385, -84.4781781), (33.8826685, -84.4715873), (33.9009365, -84.4444949), (33.915482, -84.4187281), (33.9101876, -84.3616591), (33.9198878, -84.3315766), (33.9174438, -84.2910696), (33.8971186, -84.2664918), (33.8896251, -84.2631583), (33.8795631, -84.2731265), (33.8843416, -84.2676653)]"
12208,D,2026-02-08T00:40:28,2026-02-08T00:48:09,33.8835673,-84.2686175,33.8938698,-84.2829495,2.0795,driving,"[(33.8784113, -84.271888), (33.8856185, -84.2847159), (33.8862871, -84.2877868), (33.893022, -84.284043), (33.894918, -84.2823143)]"
12209,D,2026-02-08T02:06:34,2026-02-08T02:19:57,33.894821,-84.2827103,33.9181528,-84.349241,5.5507,driving,"[(33.894311, -84.28256), (33.8963953, -84.2819309), (33.902733, -84.2741485), (33.918837, -84.2928181)]"
12210,D,2026-02-08T03:14:03,2026-02-08T03:39:03,33.9184887,-84.349174,34.0250137,-84.431907,10.2445,driving,"[(33.9192806, -84.3545382), (33.937557, -84.3751858), (33.9372106, -84.3775427), (33.94141, -84.4017991), (33.9825165, -84.4265366), (34.0236392, -84.4371419), (34.0264102, -84.4311102), (34.0250137, -84.431907)]"
12211,D,2026-02-08T21:43:01,2026-02-08T22:02:01,34.0244706,-84.4320127,34.0312673,-84.4658376,2.62,driving,"[(34.0268042, -84.432063), (34.0288839, -84.4350407), (34.0314336, -84.437065), (34.0363641, -84.4620871), (34.0312673, -84.4658376), (34.0400361, -84.4617485), (34.0391367, -84.4619568)]"
12212,D,2026-02-08T23:12:28,2026-02-08T23:22:22,34.0392612,-84.4618367,34.0244831,-84.4319039,2.3638,driving,"[(34.0359269, -84.4626935), (34.0357962, -84.4462612), (34.0276481, -84.4335157), (34.0244831, -84.4319039)]"
12213,D,2026-02-09T14:47:28,2026-02-09T15:30:43,34.0244221,-84.4321373,33.7740614,-84.384286,21.4653,driving,"[(34.0274537, -84.4331379), (34.0265245, -84.4431384), (34.0185029, -84.4548566), (34.0144568, -84.4577809), (34.0122329, -84.461204), (33.9749516, -84.485274), (33.9413007, -84.5056686), (33.8030251, -84.4072534), (33.7778314, -84.3888321), (33.7743392, -84.3885359)]"
12214,D,2026-02-09T21:28:36,2026-02-09T22:02:43,33.7738847,-84.3881936,33.9708727,-84.4532373,18.9043,driving,"[(33.7738847, -84.3881936), (33.7712989, -84.3871463), (33.8376086, -84.430072), (33.9079608, -84.4761199), (33.9435423, -84.5005829), (33.9454262, -84.4983225), (33.9508724, -84.4972292), (33.9503996, -84.4919761), (33.9470288, -84.4859173), (33.9502287, -84.482209), (33.9513791, -84.477823), (33.968834, -84.4812859), (33.9703955, -84.4768863), (33.9675079, -84.4636841), (33.9685353, -84.4547475), (33.9711414, -84.4511758)]"
12215,D,2026-02-10T00:36:58,2026-02-10T00:41:10,33.9722896,-84.4537061,33.9837076,-84.4258782,1.8434,driving,"[(33.9722896, -84.4537061), (33.9716015, -84.4516813), (33.9716791, -84.4489545), (33.9837076, -84.4258782)]"
12216,D,2026-02-10T00:45:32,2026-02-10T00:55:48,33.9832331,-84.4262945,34.0244653,-84.4321839,3.8221,driving,"[(33.9832331, -84.4262945), (34.0115163, -84.4327198), (34.018713, -84.4287239), (34.0216214, -84.4323203), (34.0234307, -84.4368295), (34.026946, -84.4371265), (34.0281245, -84.4341396)]"
12217,D,2026-02-10T14:22:32,2026-02-10T15:02:49,34.0244412,-84.4318877,33.7743392,-84.3885359,21.6631,driving,"[(34.0244412, -84.4318877), (34.0268772, -84.4322969), (34.0262359, -84.4445324), (34.0118447, -84.4719348), (33.9842731, -84.4777774), (33.9548889, -84.4978364), (33.9501389, -84.4989532), (33.9413007, -84.5056686), (33.9329763, -84.4914832), (33.8777172, -84.4508521), (33.7930797, -84.3935909), (33.7817222, -84.3915536), (33.7797744, -84.3888801)]"
12218,D,2026-02-10T20:18:11,2026-02-10T21:06:29,33.7743398,-84.3889932,33.950662,-84.5441326,17.5769,driving,"[(33.7724377, -84.3886946), (33.769949, -84.3887964), (33.7910962, -84.3887098), (33.8122349, -84.419769), (33.8145218, -84.4203333), (33.9118922, -84.4788235), (33.9166191, -84.4835669), (33.9194346, -84.4832051), (33.9315748, -84.4904086), (33.9418707, -84.5038573), (33.9401178, -84.5067327), (33.9419768, -84.5156162), (33.9531079, -84.5220358), (33.951017, -84.525782), (33.950662, -84.5441326)]"
12219,D,2026-02-10T22:25:54,2026-02-10T23:00:34,33.9506377,-84.5443558,34.0243961,-84.4320698,9.4582,driving,"[(33.9506377, -84.5443558), (33.9507647, -84.5222096), (33.9505294, -84.5198905), (33.9701163, -84.4879426), (34.0008348, -84.4740655), (34.00751, -84.4729146), (34.0115428, -84.4725344), (34.0252731, -84.446888), (34.0254175, -84.4316318)]"
12220,D,2026-02-11T14:18:06,2026-02-11T15:06:03,34.0243731,-84.4321572,33.7734985,-84.3874333,21.6114,driving,"[(34.0261561, -84.431138), (34.0266012, -84.4390281), (34.0003912, -84.4740825), (33.9838501, -84.4775513), (33.9828203, -84.479859), (33.9524424, -84.4984296), (33.937463, -84.4983217), (33.8976695, -84.4702582), (33.8497955, -84.4319083), (33.8123743, -84.4206706), (33.8034587, -84.4113813), (33.8012138, -84.4033068), (33.7865097, -84.3906931), (33.7882698, -84.3893763), (33.7846149, -84.3892046), (33.7734985, -84.3874333)]"
12221,D,2026-02-11T21:08:23,2026-02-12T01:42:04,34.0244636,-84.431866,34.0245324,-84.4319768,0.0801,driving,"[(33.7741434, -84.3882443), (33.7717814, -84.3891283), (33.7699836, -84.3889155), (33.7897341, -84.3900277), (33.7954564, -84.3937905), (33.8135003, -84.4194884), (33.9141539, -84.4817717), (33.9407888, -84.5024166), (33.9449852, -84.4983495), (33.9517198, -84.4978015), (33.9518056, -84.4781469), (33.9661126, -84.4790407), (33.9686388, -84.4806692), (33.9778749, -84.4674173), (33.9774214, -84.4365105), (33.9800863, -84.433485), (34.0187176, -84.4286751), (34.0228379, -84.4354301), (34.0263828, -84.437006), (34.0244636, -84.431866), (34.0264512, -84.4309122), (34.0315185, -84.4361847), (34.0372649, -84.4531028), (34.037321, -84.4597212), (34.0388761, -84.4613539)]"
12222,D,2026-02-12T02:49:54,2026-02-12T03:00:07,34.0362501,-84.4657882,34.0244397,-84.4321434,2.3678,driving,"[(34.0391754, -84.4619396), (34.0358541, -84.4626541), (34.0360286, -84.4658191), (34.0377718, -84.4514226), (34.026565, -84.431474), (34.0244397, -84.4321434)]"
12223,D,2026-02-12T14:13:17,2026-02-12T15:01:28,34.0246435,-84.4318659,33.7740231,-84.3887002,21.7342,driving,"[(34.0260453, -84.4453051), (34.0126095, -84.4605397), (34.0106655, -84.4725357), (33.9833745, -84.4779442), (33.9819457, -84.4810499), (33.9611641, -84.4950451), (33.9413007, -84.5056686), (33.8871233, -84.461446), (33.8782016, -84.4516334), (33.822601, -84.4236665), (33.8039758, -84.4096919), (33.7896147, -84.3889142), (33.7814414, -84.3905009), (33.7740231, -84.3887002)]"
12224,D,2026-02-12T20:06:12,2026-02-12T23:41:50,34.02445,-84.4318387,34.0244008,-84.4320757,0.1061,driving,"[(33.7794191, -84.3873994), (33.7845767, -84.3900455), (33.7899522, -84.3889833), (33.8084367, -84.4170358), (33.8183331, -84.4230603), (33.8492418, -84.427493), (33.9144062, -84.4819745), (33.9251019, -84.485168), (33.9336269, -84.4941114), (33.9453419, -84.4982493), (33.9558018, -84.4975638), (33.9736336, -84.4863179), (33.9744212, -84.4806657), (33.9771754, -84.478583), (33.9803922, -84.4808409), (34.0119619, -84.4713171), (34.0124248, -84.462146), (34.0264261, -84.4394913), (34.02445, -84.4318387), (34.0266851, -84.4315851), (34.0295072, -84.4366528), (34.0322599, -84.436318), (34.0373459, -84.4524907), (34.0368383, -84.4602123), (34.03947, -84.4597932)]"
12225,D,2026-02-12T23:45:41,2026-02-13T00:04:18,34.0386273,-84.4621451,34.0068782,-84.5708993,7.1015,driving,"[(34.0386273, -84.4621451), (34.0155353, -84.5026219), (34.0203587, -84.5272032), (34.0144552, -84.5405096), (34.0137068, -84.554631), (34.0144643, -84.5567452), (34.0136675, -84.5614168), (34.0082101, -84.570013), (34.0068782, -84.5708993)]"
12226,D,2026-02-13T00:43:13,2026-02-13T00:50:12,34.0064084,-84.5700449,34.0168465,-84.5561179,1.0879,driving,"[(34.0064084, -84.5700449), (34.0168465, -84.5561179)]"
12227,D,2026-02-13T01:11:39,2026-02-13T01:15:40,34.0196551,-84.5542122,34.036966,-84.545234,1.5202,driving,"[(34.0196551, -84.5542122), (34.036966, -84.545234)]"
12228,D,2026-02-13T05:18:27,2026-02-13T05:35:21,34.036719,-84.5451558,34.025183,-84.4318943,7.3398,driving,"[(34.0356739, -84.547265), (34.0322178, -84.5281158), (34.0391082, -84.5172158), (34.0425994, -84.484358), (34.0360197, -84.4626734), (34.0373068, -84.4513274), (34.0285067, -84.4347633), (34.025183, -84.4318943)]"
12229,D,2026-02-13T15:05:55,2026-02-13T15:45:29,34.0246629,-84.431903,33.7741383,-84.3882405,21.4987,driving,"[(34.0246629, -84.431903), (34.0281484, -84.4342546), (34.0285047, -84.4373856), (34.0201758, -84.4534757), (34.0122197, -84.4612939), (34.0115022, -84.4729342), (33.9830333, -84.4778453), (33.948936, -84.4992987), (33.9217546, -84.4842498), (33.8540649, -84.4336806), (33.8074475, -84.4171198), (33.7870074, -84.3921664), (33.7800063, -84.3889914), (33.7741383, -84.3882405)]"
12230,D,2026-02-13T21:09:38,2026-02-13T21:27:00,33.7729061,-84.3889295,33.9178308,-84.3500484,10.7882,driving,"[(33.7729061, -84.3889295), (33.8354185, -84.35821), (33.8496205, -84.3689895), (33.8893061, -84.3648335), (33.9029111, -84.3538363), (33.9178418, -84.3500635)]"
12231,D,2026-02-13T21:33:18,2026-02-13T21:56:10,33.9177254,-84.3474216,33.8817182,-84.2680706,7.6476,driving,"[(33.9232924, -84.3460896), (33.9209261, -84.3429566), (33.9211087, -84.3285203), (33.9201273, -84.3250174), (33.9189268, -84.3045353), (33.9201934, -84.3027523), (33.9200727, -84.297379), (33.8924913, -84.2621753), (33.8801821, -84.272374), (33.8782335, -84.2718087), (33.8811667, -84.2704802), (33.8817182, -84.2680706), (33.8829087, -84.2674751)]"
12232,D,2026-02-14T00:54:08,2026-02-14T01:25:04,33.8825929,-84.2677876,33.9185939,-84.3496898,7.1017,driving,"[(33.8806615, -84.2700902), (33.8984747, -84.2688649), (33.9210878, -84.3102974), (33.9218249, -84.3177055), (33.9166847, -84.3371088), (33.9203294, -84.3378702), (33.9200494, -84.3471663), (33.9185939, -84.3496898), (33.9370054, -84.3725991), (33.9347184, -84.3937043), (33.9480326, -84.4108277), (33.9671061, -84.4119309)]"
12233,D,2026-02-14T01:49:14,2026-02-14T02:16:07,33.9683797,-84.4126966,34.0244094,-84.4321399,9.0412,driving,"[(33.9816864, -84.4263523), (33.9834861, -84.4276213), (33.9808158, -84.4325749), (33.9817609, -84.4615672), (33.9871733, -84.4723788), (33.9862925, -84.4757381), (33.9882509, -84.4775958), (34.0092782, -84.4725282), (34.0124859, -84.4676929), (34.0123234, -84.4627243), (34.0226176, -84.4509343), (34.0276188, -84.4361716), (34.0261772, -84.4309957), (34.0244094, -84.4321399)]"
12234,D,2026-02-14T20:43:04,2026-02-14T21:40:37,34.0244955,-84.4318626,33.9755527,-84.4153303,3.5117,driving,"[(33.9755527, -84.4153303), (33.9562509, -84.4117777), (33.9375453, -84.3942542), (33.9354178, -84.3847787), (33.9369164, -84.3800871), (33.9368748, -84.376576), (33.929678, -84.3598467), (33.9184201, -84.3494516)]"
12235,D,2026-02-14T23:55:13,2026-02-14T23:57:02,33.9183423,-84.3493311,33.9194266,-84.3521346,0.1773,driving,"[(33.9183423, -84.3493311), (33.9194266, -84.3521346)]"
12236,D,2026-02-15T00:06:54,2026-02-15T00:23:00,33.9198017,-84.3514932,33.8864194,-84.2922463,5.6238,driving,"[(33.9198017, -84.3514932), (33.9188466, -84.3485582), (33.9205298, -84.3450626), (33.9205555, -84.3402643), (33.9176249, -84.3377963), (33.9198982, -84.3302484), (33.9187545, -84.3155889), (33.9089204, -84.3100985), (33.903489, -84.3097095), (33.8968929, -84.3048221), (33.8946926, -84.3039795), (33.8918804, -84.2984824), (33.8917548, -84.2927231), (33.8894447, -84.2870026), (33.8870637, -84.287605), (33.8857282, -84.2903933), (33.8864194, -84.2922463)]"
12237,D,2026-02-15T01:44:16,2026-02-15T02:07:22,33.8856179,-84.28939,34.0341823,-84.0496506,18.5282,driving,"[(33.8856475, -84.2851772), (33.8796064, -84.2717811), (33.8873653, -84.2657131), (33.9083138, -84.2298444), (33.9131967, -84.2048721), (33.9612955, -84.1097467), (33.9663067, -84.0976533), (34.0271863, -84.0515309), (34.0295682, -84.0480538), (34.0341823, -84.0496506)]"
12238,D,2026-02-15T02:14:21,2026-02-15T02:37:01,34.0342628,-84.0502449,33.9178003,-84.3501168,21.2995,driving,"[(33.9697969, -84.0960181), (33.9024489, -84.2403909), (33.9156116, -84.2867212), (33.9136521, -84.3399081), (33.9164029, -84.3509158), (33.9178003, -84.3501168)]"
12239,D,2026-02-15T02:43:46,2026-02-15T03:09:52,33.9185962,-84.3491652,34.0245039,-84.431925,11.0555,driving,"[(33.9185962, -84.3491652), (33.9199673, -84.3540734), (33.9330447, -84.3605203), (33.9372907, -84.3771008), (33.9353691, -84.3913896), (33.9497127, -84.4115817), (33.9776334, -84.4171808), (33.9832875, -84.4275319), (34.0187252, -84.4288045), (34.0234588, -84.436923), (34.028587, -84.4349975)]"
12240,D,2026-02-15T21:10:46,2026-02-15T21:54:44,34.0253919,-84.4317441,34.0210737,-84.1374404,20.4898,driving,"[(34.0244505, -84.4321358), (34.0290604, -84.4329587), (34.0260001, -84.4093972), (34.0284471, -84.398159), (34.0257778, -84.3822448), (34.0266532, -84.3756398), (34.0255357, -84.3696712), (34.0225348, -84.3636889), (34.0148079, -84.3629696), (34.0112854, -84.3624351), (34.0060891, -84.3509012), (34.0118269, -84.3343389), (34.0119347, -84.3289512), (34.0233583, -84.313348), (34.0252057, -84.2963155), (34.0208178, -84.2857593), (34.0197392, -84.277008), (34.02146, -84.2704971), (34.0213717, -84.2649363), (34.0236192, -84.2602168), (34.0240759, -84.252247), (34.0081701, -84.2112462), (34.0112179, -84.2019702), (34.0112597, -84.1927915), (34.0168503, -84.1902174), (34.015904, -84.1872759), (34.0101101, -84.1829434), (34.004358, -84.1720857), (34.0217054, -84.1587685), (34.0231056, -84.1424322), (34.0210737, -84.1374404)]"
12241,D,2026-02-16T03:48:08,2026-02-16T04:28:52,34.02134,-84.1361408,34.0245114,-84.4318664,21.5068,driving,"[(34.0227305, -84.1379503), (34.0226878, -84.1555909), (34.0207994, -84.1612694), (34.0366589, -84.1738803), (34.0476386, -84.1772325), (34.0545626, -84.188061), (34.0569386, -84.2027481), (34.0649953, -84.2140862), (34.0580106, -84.2296733), (34.0688991, -84.2675553), (34.0730046, -84.3121452), (34.0728921, -84.318265), (34.0772527, -84.3601611), (34.065379, -84.3817066), (34.0640286, -84.3945695), (34.0620885, -84.397613), (34.0626605, -84.40574), (34.0602539, -84.4143505), (34.0620709, -84.4204654), (34.0308286, -84.4324892)]"
12242,D,2026-02-16T22:25:01,2026-02-16T22:38:18,34.0244126,-84.4321528,33.9650116,-84.414834,4.5092,driving,"[(34.0167266, -84.4297272), (33.9954322, -84.4343132), (33.9763498, -84.4162519), (33.9650116, -84.414834)]"
12243,D,2026-02-16T22:43:22,2026-02-16T23:00:10,33.965788,-84.4131136,33.9184516,-84.3495,5.7105,driving,"[(33.965788, -84.4131136), (33.9508703, -84.4116432), (33.9426415, -84.4050297), (33.9358859, -84.3910513), (33.9371355, -84.3759423), (33.933238, -84.3618372), (33.9243055, -84.3510831), (33.9207421, -84.3516947), (33.9184516, -84.3495)]"
12244,D,2026-02-16T23:25:46,2026-02-16T23:38:57,33.9183998,-84.3491995,33.9645082,-84.4094602,5.1478,driving,"[(33.9183998, -84.3491995), (33.937271, -84.3707269), (33.9362197, -84.3897655)]"
12245,D,2026-02-17T00:04:28,2026-02-17T00:23:50,33.9653027,-84.4103651,34.0389032,-84.4603337,7.1662,driving,"[(33.9737931, -84.4126466), (33.9826717, -84.4263252), (33.9859729, -84.4272191), (33.9964721, -84.4349596), (34.0111681, -84.4324358), (34.0275528, -84.4245943), (34.0375826, -84.4594879)]"
12246,D,2026-02-17T01:50:13,2026-02-17T01:57:10,34.038846,-84.4614487,34.0253547,-84.4318355,2.0476,driving,"[(34.0323381, -84.4373359), (34.0253547, -84.4318355), (34.0244364, -84.432013)]"
12247,D,2026-02-17T14:31:27,2026-02-17T15:10:03,34.0248065,-84.4319568,33.7740756,-84.3882614,23.0272,driving,"[(34.0280011, -84.4341006), (34.0275368, -84.4296781), (34.016746, -84.4294877), (34.003113, -84.4364793), (33.9976944, -84.4342923), (33.9954969, -84.4350054), (33.9934794, -84.4452162), (33.9850919, -84.4567323), (33.9817721, -84.4688545), (33.9826498, -84.4749045), (33.9810557, -84.4814257), (33.9696786, -84.4889759), (33.9592385, -84.4984155), (33.9464324, -84.4980073), (33.938476, -84.5020117), (33.935775, -84.4927739), (33.9007478, -84.4754527), (33.8571629, -84.4327846), (33.8115754, -84.4202339), (33.8020747, -84.4066386), (33.7974698, -84.3926975), (33.7897864, -84.3890487), (33.775737, -84.3886874), (33.7740756, -84.3882614)]"
12248,D,2026-02-17T21:28:44,2026-02-18T00:10:39,34.024567,-84.4318729,34.0244379,-84.4320905,0.3936,driving,"[(33.7741675, -84.3882532), (33.776264, -84.3872908), (33.788045, -84.3914917), (33.8168233, -84.4228014), (33.8984806, -84.4676246), (33.9108648, -84.479813), (33.9184651, -84.4811769), (33.9433286, -84.500068), (33.9448226, -84.4988331), (33.9517198, -84.4978015), (33.9466686, -84.4876349), (33.967954, -84.4807661), (33.9795078, -84.4612597), (34.0020246, -84.4636609), (34.0184324, -84.4548712), (34.0293662, -84.4366554), (34.0267708, -84.4317975), (34.024567, -84.4318729), (34.0292494, -84.4365978), (34.0271628, -84.4376069), (34.0265351, -84.4430903), (34.0098259, -84.4730299), (33.9827439, -84.4772878), (33.9690692, -84.4889988), (33.9600568, -84.4978015), (33.9527769, -84.4979611)]"
12249,D,2026-02-18T02:11:43,2026-02-18T02:34:07,33.9503466,-84.4920824,34.0245632,-84.4319511,7.6055,driving,"[(33.9503466, -84.4920824), (33.9506141, -84.4949899), (33.9629847, -84.4942058), (33.9828713, -84.4787689), (34.0082723, -84.4729513), (34.026703, -84.4418444), (34.0264232, -84.4392103), (34.0280568, -84.4368456), (34.0274728, -84.433269), (34.0245632, -84.4319511)]"
12250,D,2026-02-18T15:13:06,2026-02-18T15:49:15,34.0245281,-84.4318648,33.7741737,-84.388259,21.207,driving,"[(34.0268197, -84.4320824), (34.0287102, -84.4354378), (34.026966, -84.4371181), (34.0181858, -84.4548297), (34.01451, -84.4577601), (34.0061953, -84.4738476), (33.9826888, -84.4786993), (33.9524712, -84.4984213), (33.9468364, -84.4989473), (33.9334394, -84.4942186), (33.8431953, -84.4294351), (33.7860772, -84.3896174), (33.7741737, -84.388259)]"
12251,D,2026-02-18T20:47:06,2026-02-18T21:10:23,33.7741429,-84.3882442,33.8824014,-84.4703363,11.6024,driving,"[(33.7768253, -84.3907459), (33.7819961, -84.3902495), (33.7855076, -84.3916824), (33.7864434, -84.3896075), (33.8860007, -84.4707368), (33.8824014, -84.4703363), (33.881322, -84.4711427)]"
12252,D,2026-02-18T21:35:38,2026-02-18T22:04:33,33.8811242,-84.4698545,34.0233545,-84.4233393,13.7816,driving,"[(33.8811242, -84.4698545), (33.8829466, -84.469199), (33.8893148, -84.4611455), (33.8939149, -84.461974), (33.9448463, -84.4988232), (33.9508256, -84.4971202), (33.9474331, -84.4878094), (33.951583, -84.477834), (33.9690302, -84.4805623), (33.9709663, -84.4776788), (33.9745497, -84.477967), (33.9853352, -84.4397054), (33.9912943, -84.4358256), (34.0041436, -84.4365003)]"
12253,D,2026-02-18T22:24:49,2026-02-18T22:28:44,34.0234275,-84.4231837,34.0205069,-84.4277411,0.4288,driving,"[(34.0234275, -84.4231837), (34.0236642, -84.4254932)]"
12254,D,2026-02-18T22:41:12,2026-02-18T22:46:47,34.0203807,-84.4279359,34.0243797,-84.4321569,0.6509,driving,"[(34.0203807, -84.4279359), (34.0243797, -84.4321569)]"
12255,D,2026-02-19T15:17:36,2026-02-19T15:23:09,34.0243925,-84.4322268,34.0208379,-84.4280403,1.3039,driving,"[(34.0243925, -84.4322268), (34.0269572, -84.4323994), (34.0282741, -84.4299289), (34.0263111, -84.4242663), (34.0208379, -84.4280403)]"
12256,D,2026-02-19T15:26:58,2026-02-19T16:00:13,34.0205888,-84.4281808,33.7743392,-84.3885359,20.8019,driving,"[(34.0205888, -84.4281808), (33.9951948, -84.4360315), (33.9745277, -84.4759175), (33.9647704, -84.492739), (33.9451337, -84.4981293), (33.871994, -84.4459244), (33.8102475, -84.4186064), (33.8013161, -84.4093904), (33.7882596, -84.3897864), (33.7863125, -84.391605), (33.7799056, -84.3887091), (33.7743392, -84.3885359)]"
12257,D,2026-02-19T21:35:20,2026-02-19T22:18:17,33.7754754,-84.3873824,33.9772729,-84.4192607,16.3277,driving,"[(33.7778145, -84.3868841), (33.7811383, -84.387502), (33.7817599, -84.3901015), (33.7899779, -84.3887967), (33.8419408, -84.4299254), (33.861173, -84.4359689), (33.8646625, -84.4387959), (33.8665862, -84.4377717), (33.8683202, -84.4337279), (33.867405, -84.4306952), (33.8681981, -84.4281546), (33.8804456, -84.4244296), (33.8956949, -84.429123), (33.9093953, -84.4111235), (33.9215109, -84.4071665), (33.9288893, -84.4116222), (33.9423877, -84.406106), (33.9483543, -84.410417), (33.9760619, -84.4147152), (33.9772729, -84.4192607)]"
12258,D,2026-02-19T22:33:24,2026-02-19T22:43:00,33.9771596,-84.4184539,34.0253418,-84.4318924,3.8632,driving,"[(34.0073924, -84.434097), (34.0274096, -84.4339836), (34.0253418, -84.4318924)]"
12259,D,2026-02-19T22:43:00,2026-02-20T01:39:27,34.0253418,-84.4318924,34.0245951,-84.4319617,0.274,driving,"[(34.0253418, -84.4318924), (34.0244598, -84.4321364), (34.0268085, -84.4321227), (34.035812, -84.4462314), (34.0375389, -84.4603592), (34.0388599, -84.4617188)]"
12260,D,2026-02-20T02:55:02,2026-02-20T03:03:48,34.0391658,-84.4619476,34.0244968,-84.4320074,2.096,driving,"[(34.0357144, -84.4460236), (34.0275795, -84.4331509)]"
12261,D,2026-02-20T14:38:23,2026-02-20T15:16:01,34.0244777,-84.4320438,33.7746204,-84.3881022,21.8593,driving,"[(34.0267151, -84.4315832), (34.0291784, -84.4368091), (34.0234922, -84.4495779), (34.0118703, -84.4599278), (34.0129726, -84.4634969), (34.0118931, -84.4720372), (33.9820587, -84.4799853), (33.9476959, -84.5001975), (33.9448362, -84.4989472), (33.9410435, -84.5046711), (33.8520007, -84.431667), (33.8041084, -84.4096108), (33.78728, -84.3919237), (33.7746204, -84.3881022)]"
12262,D,2026-02-20T15:25:32,2026-02-20T15:55:36,33.7741819,-84.3843676,33.7741761,-84.3843779,1.1017,driving,"[(33.7741819, -84.3843676), (33.7751104, -84.3765696), (33.7770841, -84.3839137)]"
12263,D,2026-02-20T19:24:39,2026-02-20T19:48:30,33.7760734,-84.387366,33.9184256,-84.3495094,11.344,driving,"[(33.7753605, -84.388565), (33.7932686, -84.3877632), (33.7964994, -84.3922418), (33.8245487, -84.3565398), (33.8263353, -84.35916), (33.8438624, -84.3622458), (33.8503131, -84.3685668), (33.8608251, -84.3705075), (33.9034967, -84.3536522), (33.9090153, -84.3519936), (33.9167501, -84.3511227)]"
12264,D,2026-02-20T20:55:01,2026-02-20T21:48:38,33.9190183,-84.3485293,34.0215351,-84.1357444,16.6371,driving,"[(33.9204264, -84.3462257), (33.9205564, -84.339404), (33.9180384, -84.3367652), (33.9201945, -84.3123482), (33.9201968, -84.3082662), (33.9198533, -84.2964296), (33.9166762, -84.290363), (33.9136219, -84.2872898), (33.9251804, -84.2780527), (33.9402921, -84.2466443), (33.9443013, -84.2397755), (33.9514587, -84.2276193), (33.9693804, -84.192515), (33.9796193, -84.1725385), (33.9999806, -84.1680326), (34.0040862, -84.1700101), (34.0102924, -84.1687914), (34.0201833, -84.1603978), (34.0225688, -84.1538727), (34.0230462, -84.1399983)]"
12265,D,2026-02-21T02:24:21,2026-02-21T02:37:32,34.0200221,-84.136813,33.9610879,-84.1353365,5.1995,driving,"[(34.0200221, -84.136813), (34.0165723, -84.1366183), (34.0118901, -84.1331302), (34.0081488, -84.1321891), (33.9961156, -84.149059), (33.9800682, -84.1570169)]"
12266,D,2026-02-21T03:15:53,2026-02-21T03:30:21,33.9617912,-84.1347427,34.0217558,-84.1358191,5.4207,driving,"[(33.9617912, -84.1347427), (33.980319, -84.1555439), (33.9918511, -84.152423), (34.001846, -84.1436154), (34.009583, -84.131979), (34.0150012, -84.1357988), (34.0217558, -84.1358191)]"
12267,D,2026-02-21T06:10:25,2026-02-21T06:52:25,34.0216333,-84.1356774,34.0244489,-84.4319905,20.2081,driving,"[(34.0200163, -84.1368003), (34.0226634, -84.1379414), (34.0224471, -84.1574646), (34.0113579, -84.1682246), (34.0061197, -84.1703903), (34.0053835, -84.1742683), (34.0085698, -84.1808058), (34.0163154, -84.1875956), (34.0177449, -84.1901574), (34.0122357, -84.1919606), (34.0083805, -84.209806), (34.0097342, -84.2173707), (34.0244454, -84.2543948), (34.0203968, -84.2803341), (34.0254549, -84.3036289), (34.0206245, -84.3193057), (34.024264, -84.330232), (34.0323665, -84.3403882), (34.0360378, -84.3424874), (34.0371925, -84.3446575), (34.0253094, -84.3605345), (34.0261192, -84.4038273), (34.029277, -84.432445), (34.0285035, -84.4346788), (34.0244489, -84.4319905)]"
12268,D,2026-02-21T22:58:20,2026-02-21T23:06:30,34.0254099,-84.4316627,34.03897,-84.4613645,2.2283,driving,"[(34.026752, -84.4318183), (34.0292078, -84.4369432), (34.0319545, -84.4369538), (34.0380393, -84.4602589)]"
12269,D,2026-02-22T00:11:20,2026-02-22T00:17:26,34.0391981,-84.4612119,34.0352823,-84.4665331,0.4075,driving,"[(34.0391981, -84.4612119), (34.0352823, -84.4665331)]"
12270,D,2026-02-22T00:42:34,2026-02-22T00:50:41,34.0358811,-84.465851,34.0245234,-84.4320658,2.2725,driving,"[(34.0358811, -84.465851), (34.0372576, -84.4537914), (34.0274572, -84.4331088)]"
12271,D,2026-02-22T17:50:29,2026-02-22T18:15:21,34.0245051,-84.4318526,33.9182482,-84.3491899,10.9416,driving,"[(34.0265059, -84.4311753), (34.0295742, -84.4324134), (34.0242947, -84.4251411), (34.0145852, -84.430572), (33.9938754, -84.4313058), (33.979633, -84.4218125), (33.9768815, -84.4159687), (33.9595183, -84.411199), (33.9348441, -84.3922842), (33.9366475, -84.3675314), (33.9182482, -84.3491899)]"
12272,D,2026-02-22T18:18:30,2026-02-22T18:23:53,33.9183981,-84.350169,33.9182287,-84.3815088,1.7986,driving,"[(33.9183981, -84.350169), (33.9182287, -84.3815088)]"
12273,D,2026-02-22T19:45:56,2026-02-22T19:55:30,33.919004,-84.3820698,33.9290971,-84.3484468,2.5663,driving,"[(33.919004, -84.3820698), (33.9191292, -84.3792252), (33.919101, -84.3512204), (33.9275836, -84.350352)]"
12274,D,2026-02-22T20:40:00,2026-02-22T20:42:41,33.9278755,-84.3484442,33.9282566,-84.3433583,0.3431,driving,"[(33.9278755, -84.3484442), (33.9293147, -84.3464304), (33.9282566, -84.3433583)]"
12275,D,2026-02-22T20:56:55,2026-02-22T21:32:38,33.9279935,-84.343249,33.9722678,-84.453656,10.0663,driving,"[(33.9294087, -84.3431016), (33.9188422, -84.349932), (33.9182373, -84.3815456), (33.9191716, -84.3837944), (33.9261273, -84.3828609), (33.9339114, -84.3891525), (33.9357262, -84.3897566), (33.94077, -84.4013958), (33.9701991, -84.4139309), (33.982809, -84.4263843), (33.9800191, -84.4282311), (33.9802153, -84.4335045), (33.9779919, -84.4403772), (33.971401, -84.450643)]"
12276,D,2026-02-22T23:00:31,2026-02-22T23:14:25,33.9716339,-84.4537126,34.0247554,-84.4319118,5.7255,driving,"[(33.9716339, -84.4537126), (33.9835026, -84.4276032), (33.999346, -84.4343136), (34.0191913, -84.4285298), (34.024525, -84.4372534), (34.0293372, -84.436725), (34.0247554, -84.4319118)]"
12277,D,2026-02-23T15:03:27,2026-02-23T15:40:58,34.0244565,-84.4321482,33.774154,-84.3882502,21.5783,driving,"[(34.0260748, -84.4378223), (34.0077468, -84.4728829), (33.9838371, -84.4771598), (33.981691, -84.4810046), (33.9524528, -84.4984362), (33.9495194, -84.4981528), (33.9460417, -84.4997297), (33.9413007, -84.5056686), (33.8867974, -84.4611421), (33.8826435, -84.453293), (33.8082708, -84.4167962), (33.7845001, -84.3888402), (33.7760171, -84.3891396)]"
12278,D,2026-02-23T20:54:21,2026-02-24T00:51:37,34.0237871,-84.4322452,34.0244388,-84.432125,0.437,driving,"[(33.780895, -84.3875927), (33.7851633, -84.3900589), (33.8003025, -84.3954161), (33.9047096, -84.4738055), (33.9232394, -84.4744923), (33.9238989, -84.4691379), (33.9239106, -84.4656814), (33.9465783, -84.4617935), (33.9533151, -84.4649041), (33.9821269, -84.4618421), (33.9850589, -84.4593064), (34.000844, -84.4640008), (34.0105437, -84.46325), (34.0265172, -84.4406652), (34.0237871, -84.4322452), (34.0277116, -84.4336774), (34.0296907, -84.4367667), (34.0281874, -84.4343679)]"
12279,D,2026-02-24T01:54:37,2026-02-24T02:00:42,34.0388664,-84.4612622,34.0247313,-84.431858,2.0392,driving,"[(34.0388664, -84.4612622), (34.0353674, -84.4457253)]"
12280,D,2026-02-24T14:58:32,2026-02-24T15:40:02,34.0254225,-84.431874,33.7749275,-84.3848841,21.382,driving,"[(34.0244127, -84.4322401), (34.0285984, -84.4349186), (34.0125539, -84.4673566), (33.9725768, -84.4868719), (33.9693742, -84.4886085), (33.9589703, -84.4984495), (33.8984351, -84.4678746), (33.8044073, -84.4110209), (33.7865152, -84.3905758), (33.7750955, -84.389191), (33.7750642, -84.3861148), (33.7749275, -84.3848841)]"
12281,D,2026-02-24T21:06:26,2026-02-24T21:34:40,33.7754019,-84.3873629,33.8381918,-84.3796846,8.0594,driving,"[(33.7814758, -84.3870361), (33.781139, -84.3841124), (33.7715263, -84.3849817), (33.7727027, -84.387307), (33.7711251, -84.3888796), (33.7956362, -84.3924109), (33.803725, -84.4075037), (33.8262182, -84.4065021), (33.828709, -84.4002087), (33.8286719, -84.387806)]"
12282,D,2026-02-24T22:35:30,2026-02-24T23:08:56,33.8376601,-84.3812478,33.9507147,-84.4922992,12.8348,driving,"[(33.8381918, -84.3799799), (33.8317904, -84.3853073), (33.8313514, -84.3883143), (33.8356481, -84.388238), (33.8389103, -84.3898672), (33.8396494, -84.3930265), (33.844031, -84.3938102), (33.8463462, -84.4058551), (33.8513275, -84.4222255), (33.8494932, -84.4287299), (33.8497573, -84.4319697), (33.8534537, -84.4309364), (33.8981264, -84.4690486), (33.9033141, -84.4742831), (33.9073673, -84.4757129), (33.9172331, -84.480785), (33.922551, -84.4772576), (33.9241008, -84.4697891), (33.9275618, -84.4719089), (33.9347198, -84.4805221), (33.9433385, -84.4830332)]"
12283,D,2026-02-25T00:58:00,2026-02-25T01:18:01,33.9503761,-84.4920859,34.0198332,-84.5541514,6.9037,driving,"[(33.9513893, -84.4932669), (33.9584393, -84.4962756), (33.9624438, -84.513429), (33.9619789, -84.5187269), (34.0091076, -84.5594851), (34.0139717, -84.554826), (34.0198332, -84.5541514)]"
12284,D,2026-02-25T01:41:30,2026-02-25T01:47:27,34.0191704,-84.5563664,34.0379513,-84.5286157,2.1009,driving,"[(34.0191704, -84.5563664), (34.0351466, -84.5357776), (34.0349678, -84.5328843), (34.0379513, -84.5286157)]"
12285,D,2026-02-25T01:49:43,2026-02-25T01:52:50,34.0377595,-84.5284521,34.0367125,-84.545279,1.3362,driving,"[(34.0377595, -84.5284521), (34.0392206, -84.5302063), (34.0356461, -84.5345857), (34.0353478, -84.5469288)]"
12286,D,2026-02-25T06:03:09,2026-02-25T06:36:41,34.0369582,-84.5449362,34.024499,-84.4321574,15.9588,driving,"[(34.0120456, -84.5738058), (33.9503881, -84.4921888), (33.9628508, -84.4940061), (34.0125312, -84.4651003), (34.0263696, -84.4442011), (34.0269254, -84.4372104), (34.0291942, -84.4363613), (34.0257933, -84.4316459)]"
12287,D,2026-02-25T14:44:12,2026-02-25T15:22:24,34.0244447,-84.4321429,33.7753315,-84.3890843,20.9616,driving,"[(34.0266557, -84.4372012), (34.0123947, -84.4611449), (33.9912785, -84.4775814), (33.9854389, -84.4775841), (33.9591357, -84.4987095), (33.9460594, -84.4997444), (33.8868006, -84.4611483), (33.8526696, -84.4301006), (33.8198458, -84.4234022), (33.7847076, -84.389007), (33.7753315, -84.3890843)]"
12288,D,2026-02-25T20:16:52,2026-02-25T20:33:29,33.7742416,-84.3846908,33.7868644,-84.3874603,0.9865,driving,"[(33.7742416, -84.3846908), (33.774972, -84.387417), (33.7868644, -84.3874603)]"
12289,D,2026-02-26T00:23:17,2026-02-26T00:50:44,33.9184452,-84.3494786,34.024629,-84.4318876,10.3802,driving,"[(33.919134, -84.3524537), (33.9363034, -84.3660112), (33.9371426, -84.3765151), (33.935828, -84.3918201), (33.9635458, -84.4110492), (33.9742624, -84.4128177), (33.9791331, -84.4213733), (33.9935604, -84.4289878), (33.9983811, -84.4350467), (34.0043694, -84.4360359), (34.015682, -84.4301643), (34.0230712, -84.4361255)]"
12290,D,2026-02-26T15:02:15,2026-02-26T15:40:39,34.0245288,-84.4319855,33.7749541,-84.3875463,21.166,driving,"[(34.0242132, -84.4482477), (34.0125448, -84.4673697), (33.9808759, -84.4817031), (33.9591658, -84.4983564), (33.9360333, -84.496614), (33.8598303, -84.4341064), (33.8351756, -84.4274252), (33.7980652, -84.3949421), (33.7740061, -84.3888643)]"
12291,D,2026-02-26T19:52:27,2026-02-26T20:16:26,33.7746683,-84.3846258,33.7318036,-84.4212727,4.6926,driving,"[(33.774961, -84.3870559), (33.7728922, -84.3889367), (33.7713327, -84.391433), (33.7700642, -84.404275), (33.7644349, -84.4036803), (33.7498096, -84.4040364), (33.7408327, -84.4120206), (33.7311324, -84.4146268), (33.7318036, -84.4212727)]"
12292,D,2026-02-26T22:14:34,2026-02-26T23:46:17,33.7305518,-84.4182128,34.0245091,-84.4513537,24.1326,driving,"[(33.7318789, -84.42132), (33.7295178, -84.415662), (33.7322707, -84.4135851), (33.7395632, -84.4125623), (33.7435396, -84.4073534), (33.7443599, -84.4051542), (33.7484543, -84.402564), (33.751123, -84.4029828), (33.7536735, -84.4027381), (33.7699452, -84.4046346), (33.7726833, -84.4082835), (33.7770534, -84.4061178), (33.7790476, -84.4072019), (33.7836068, -84.4073921), (33.7871291, -84.4073901), (33.7973486, -84.407783), (33.8037599, -84.4094607), (33.8074497, -84.4168821), (33.8090832, -84.4180271), (33.8352712, -84.4281124), (33.8384731, -84.4291373), (33.8425102, -84.4293144), (33.8448375, -84.4298031), (33.8470344, -84.4294493), (33.8488174, -84.4308474), (33.8520061, -84.4310035), (33.8679288, -84.4405731), (33.9106332, -84.4797607), (33.9187749, -84.4816278), (33.9386495, -84.5007517), (33.9514475, -84.4977205), (33.9608731, -84.4964085), (33.9731936, -84.4859117), (34.0122672, -84.4700967), (34.0226494, -84.4507552), (34.0245091, -84.4513537)]"
12293,D,2026-02-27T00:36:01,2026-02-27T00:40:52,34.0244953,-84.4515673,34.0245864,-84.4319359,1.4658,driving,"[(34.0226329, -84.4508327), (34.0259492, -84.4451515), (34.0265551, -84.4313392)]"
12294,D,2026-02-27T15:08:06,2026-02-27T15:52:10,34.0243616,-84.432222,33.7741556,-84.3882884,21.1521,driving,"[(34.0269606, -84.4370954), (34.0088173, -84.4729328), (33.9808969, -84.4811587), (33.9700332, -84.488303), (33.9503505, -84.4988839), (33.9360396, -84.4963694), (33.8817378, -84.4550625), (33.8319846, -84.4253064), (33.816221, -84.4226017), (33.7821379, -84.3892361), (33.7741556, -84.3882884)]"
12295,D,2026-02-27T20:22:12,2026-02-27T20:58:54,33.7737437,-84.3875467,33.9622947,-84.1354319,21.4488,driving,"[(33.7802061, -84.3873586), (33.7827623, -84.3876421), (33.7933602, -84.387867), (33.79772, -84.3927151), (33.8418858, -84.3082858), (33.8942864, -84.2551268), (33.9091611, -84.2270916), (33.9119007, -84.2086285), (33.9201077, -84.1947471), (33.9476847, -84.1390354), (33.9517415, -84.1299931)]"
12296,D,2026-02-27T21:33:56,2026-02-27T22:00:57,33.9622435,-84.1352235,34.0056283,-84.1741403,7.7242,driving,"[(33.9622435, -84.1352235), (33.9610191, -84.1368959), (33.9602754, -84.1392303), (33.9632067, -84.1377753), (33.9692403, -84.1448978), (33.9787823, -84.1550315), (33.9777858, -84.1604544), (33.9699718, -84.1726276), (33.9630215, -84.1707523), (33.9709263, -84.1740779), (33.9696924, -84.1819776), (33.9727887, -84.1841988), (33.977223, -84.1742731), (33.9964572, -84.1674878), (34.0044536, -84.1702776)]"
12297,D,2026-02-27T22:13:52,2026-02-27T22:26:14,34.004274,-84.1705768,33.9630374,-84.1703646,3.09,driving,"[(34.0050069, -84.1734008), (34.004274, -84.1705768), (33.9998461, -84.1681093), (33.9957483, -84.1676959), (33.9794409, -84.1726796), (33.9766641, -84.175502), (33.9714458, -84.1738118), (33.9690458, -84.1738466), (33.9630374, -84.1703646)]"
12298,D,2026-02-28T03:09:08,2026-02-28T03:48:14,33.9631034,-84.1709133,34.0250367,-84.4319803,17.5314,driving,"[(33.9656365, -84.1717446), (33.967287, -84.1731636), (33.9694132, -84.1732847), (33.9710441, -84.1753017), (33.967294, -84.1848919), (33.9667916, -84.1913032), (33.9676719, -84.1951262), (33.9694326, -84.2013004), (33.9681413, -84.2171325), (33.9698578, -84.2209957), (33.970046, -84.2270921), (33.9674156, -84.2345897), (33.9836205, -84.2688503), (34.0010652, -84.2870341), (34.0201208, -84.3172009), (34.0252018, -84.331404), (34.0281541, -84.3351886), (34.0262068, -84.3394853), (34.0254443, -84.3593101), (34.0231941, -84.362074), (34.0271444, -84.4175228), (34.0294726, -84.432638), (34.0250367, -84.4319803)]"
12299,D,2026-02-28T17:52:44,2026-02-28T18:02:23,34.0245549,-84.4318688,34.0390277,-84.46137,2.2201,driving,"[(34.0244162, -84.4321332), (34.0266482, -84.4315054), (34.0299624, -84.4366467), (34.0376272, -84.4604263), (34.0390277, -84.46137)]"
12300,D,2026-02-28T19:16:20,2026-02-28T21:02:44,34.0244706,-84.4321386,34.0244289,-84.4321099,0.0782,driving,"[(34.036942, -84.4499249), (34.0290558, -84.4334364), (34.0270896, -84.432837), (34.0244156, -84.432144), (34.0268333, -84.4321735), (34.0286014, -84.4350212), (34.0273574, -84.4370882), (34.0248587, -84.4474225), (34.0127257, -84.4594672), (34.0118259, -84.4774664), (34.0179832, -84.4915908)]"
12301,D,2026-02-28T21:11:01,2026-02-28T21:26:19,34.01632,-84.4939474,34.0043268,-84.5694104,7.4057,driving,"[(34.0144659, -84.494733), (33.9998485, -84.5040529), (33.9954157, -84.5209267), (33.9964424, -84.5284741), (33.9790764, -84.5532266), (33.9916595, -84.5784677), (33.9973338, -84.5761871), (34.0043268, -84.5694104)]"
12302,D,2026-02-28T22:11:38,2026-02-28T22:31:00,34.0050074,-84.569669,34.0365656,-84.5450398,3.341,driving,"[(34.0050074, -84.569669), (34.006758, -84.571086), (34.0117173, -84.5644451), (34.0132592, -84.5557828), (34.0205464, -84.5530684), (34.0260949, -84.5560603), (34.0365656, -84.5450398)]"
12303,D,2026-03-01T03:52:14,2026-03-01T04:14:30,34.0369366,-84.5449138,34.0243664,-84.432232,7.3157,driving,"[(34.03558, -84.5467421), (34.0345008, -84.5313236), (34.0421917, -84.4923775), (34.0455236, -84.4875297), (34.0360401, -84.4629203), (34.0274408, -84.4331094)]"
12304,D,2026-03-01T14:37:35,2026-03-01T14:57:10,34.0264681,-84.4308187,34.0202079,-84.5131039,5.8027,driving,"[(34.0244165, -84.4321322), (34.0264681, -84.4308187), (34.0291529, -84.4365264), (34.031478, -84.4370559), (34.0374394, -84.4490493), (34.0371212, -84.4587664), (34.0358803, -84.4624886), (34.0276487, -84.4723538), (34.0219547, -84.4882657), (34.0149796, -84.4942633), (34.0141919, -84.49973), (34.0171347, -84.5087626), (34.0202079, -84.5131039)]"
12305,D,2026-03-01T14:59:29,2026-03-01T17:59:27,34.0245519,-84.4319257,34.0244902,-84.4320757,0.2475,driving,"[(34.0132262, -84.4961194), (34.0157157, -84.4847772), (34.0116419, -84.4598907), (34.0210227, -84.4528365), (34.0243422, -84.447775), (34.028038, -84.4341307), (34.0264499, -84.4306947), (34.0245519, -84.4319257), (34.0295212, -84.4323543), (34.0260433, -84.4235661), (34.0133254, -84.431909), (34.0064455, -84.4249209)]"
12306,D,2026-03-01T18:04:49,2026-03-01T18:18:31,34.0064444,-84.4249441,33.9719187,-84.4537053,3.9487,driving,"[(34.0064444, -84.4249441), (34.0046954, -84.4268214), (34.0047689, -84.433209), (33.989764, -84.4368002), (33.9816036, -84.4446882), (33.9795822, -84.460995)]"
12307,D,2026-03-01T20:07:09,2026-03-01T20:20:45,33.971744,-84.4537432,33.9508217,-84.4971033,4.2528,driving,"[(33.9713306, -84.4496641), (33.9687332, -84.4550859), (33.9689391, -84.4806014), (33.9516288, -84.4798981)]"
12308,D,2026-03-01T20:31:51,2026-03-01T20:58:30,33.9517198,-84.4978015,33.7737192,-84.3841657,14.1346,driving,"[(33.9517198, -84.4978015), (33.9273366, -84.4886218), (33.844731, -84.4269281), (33.8002425, -84.39713), (33.7897677, -84.3892325), (33.7776748, -84.3887105)]"
12309,D,2026-03-01T22:56:36,2026-03-01T23:21:28,33.7739217,-84.3837899,33.6414325,-84.4458748,11.1747,driving,"[(33.7739217, -84.3837899), (33.7709841, -84.3875865), (33.7497887, -84.3855554), (33.7413626, -84.3926024), (33.7329976, -84.3911951), (33.6749099, -84.4143874), (33.6645396, -84.4237143), (33.6400843, -84.4534481), (33.6416436, -84.4483189), (33.6414325, -84.4458748)]"
12310,D,2026-03-01T23:24:43,2026-03-02T00:08:10,33.6416809,-84.4431377,33.9735728,-84.4702676,30.5201,driving,"[(33.6416809, -84.4431377), (33.6548164, -84.4379092), (33.6624051, -84.427087), (33.7127119, -84.3998023), (33.7329741, -84.3912), (33.7491539, -84.3871828), (33.750245, -84.3803056), (33.7601225, -84.3813916), (33.7987687, -84.3971724), (33.8070016, -84.4154964), (33.8181886, -84.4228573), (33.8984353, -84.4677581), (33.9433322, -84.5003235), (33.9505989, -84.4956672), (33.946908, -84.4871817), (33.9496302, -84.4824107), (33.9704883, -84.4768486), (33.9678803, -84.4540054), (33.9725269, -84.451053), (33.9717387, -84.453874), (33.9791775, -84.4614779), (33.9771453, -84.4682366), (33.9747409, -84.4686924), (33.9735728, -84.4702676)]"
12311,D,2026-03-02T04:41:09,2026-03-02T04:55:27,33.974276,-84.4693163,34.0247578,-84.4319185,5.4891,driving,"[(33.9757178, -84.4679187), (33.9790167, -84.4632806), (33.9866715, -84.4591177), (34.0119659, -84.4632348), (34.0126797, -84.4593876), (34.0255332, -84.4463251), (34.0264372, -84.4371377), (34.0291263, -84.4367272), (34.0247578, -84.4319185)]"
12312,D,2026-03-02T15:12:57,2026-03-02T15:49:53,34.0244039,-84.4321441,33.7743243,-84.3882074,21.8619,driving,"[(34.0244039, -84.4321441), (34.026951, -84.4325129), (34.0292899, -84.4366634), (34.0264558, -84.4384327), (34.0263728, -84.4437707), (34.019215, -84.4547238), (34.0127653, -84.4594476), (34.0123931, -84.469819), (33.9680257, -84.4902309), (33.9467704, -84.4989969), (33.8540672, -84.4336755), (33.8086676, -84.4170867), (33.7969427, -84.3924941), (33.7866647, -84.3919991), (33.7862114, -84.3882009)]"
12313,D,2026-03-02T20:54:20,2026-03-02T21:17:21,33.7741146,-84.3881926,33.9184654,-84.3495372,12.9096,driving,"[(33.7723559, -84.3887254), (33.7703857, -84.3888592), (33.776145, -84.3916262), (33.7890055, -84.3893726), (33.7946866, -84.3943679), (33.8160136, -84.3638984), (33.8437562, -84.3614507), (33.8479956, -84.3675495), (33.8581277, -84.369324), (33.9081379, -84.3563342), (33.9145235, -84.3483762), (33.9158671, -84.3410597), (33.9133761, -84.3475052), (33.9184654, -84.3495372)]"
12314,D,2026-03-03T03:33:01,2026-03-03T03:59:27,33.9668898,-84.4105083,34.0251792,-84.4321507,4.4585,driving,"[(33.9189101, -84.3537508), (33.9239366, -84.3573879), (33.9333228, -84.3581095), (33.9372652, -84.3719622), (33.9355571, -84.3906155), (33.9472855, -84.40914), (33.9528519, -84.4115734), (33.9668898, -84.4105083), (34.0013331, -84.4345515), (34.0251792, -84.4321507)]"
12315,D,2026-03-03T14:46:44,2026-03-03T15:34:50,34.0244285,-84.4321369,33.7748653,-84.384592,21.8061,driving,"[(34.0244285, -84.4321369), (34.0271049, -84.4328836), (34.0225293, -84.4508769), (34.0124124, -84.4664336), (34.0109679, -84.4726334), (33.9669586, -84.4905492), (33.9394071, -84.5028703), (33.8470793, -84.4294558), (33.8019111, -84.4066092), (33.7994264, -84.3970807), (33.7850602, -84.389247), (33.7741876, -84.3882711)]"
12316,D,2026-03-03T20:10:48,2026-03-03T22:04:32,34.0244657,-84.4320813,34.024435,-84.4321138,0.0284,driving,"[(33.7750114, -84.3885995), (33.7703446, -84.3880463), (33.8469986, -84.4295018), (33.927552, -84.4899693), (33.9450923, -84.4991868), (33.9592495, -84.4959729), (33.9740814, -84.4806572), (34.0106125, -84.472574), (34.0269707, -84.4370891), (34.0244657, -84.4320813), (34.0295895, -84.4323362), (34.0241275, -84.4252754), (34.0039732, -84.4364887), (33.9790017, -84.4209748), (33.97824, -84.4184585), (33.9743132, -84.4141675), (33.9562441, -84.4118353)]"
12317,D,2026-03-03T22:29:15,2026-03-03T23:11:42,33.9503724,-84.416956,34.0387194,-84.4614632,8.975,driving,"[(33.9520459, -84.4161381), (33.9503634, -84.4169802), (33.9492151, -84.4152559), (33.9499246, -84.4116799), (33.9744643, -84.4137922), (33.9825764, -84.4273887), (34.0092371, -84.4329219), (34.0271056, -84.4240235), (34.0243004, -84.4319486), (34.0311143, -84.4369057), (34.0336911, -84.4437025), (34.0371296, -84.4496729), (34.0370081, -84.4586243)]"
12318,D,2026-03-04T00:08:04,2026-03-04T01:45:28,34.0252191,-84.4318926,34.0252667,-84.4322834,1.1335,driving,"[(34.0369061, -84.4474722), (34.0267568, -84.4319963), (34.0244729, -84.4321372), (34.0252364, -84.4367166), (34.0227355, -84.4353639), (34.0194744, -84.4285267), (34.0033961, -84.4363985), (33.9940336, -84.4348739), (33.9792623, -84.4479772), (33.9777659, -84.4674868), (33.9736502, -84.4699916)]"
12319,D,2026-03-04T06:23:03,2026-03-04T06:37:14,33.9734272,-84.4701803,34.024477,-84.4319493,5.3329,driving,"[(33.9808136, -84.461266), (34.0125046, -84.4593517), (34.0236597, -84.4491467), (34.0261204, -84.4447221), (34.0268665, -84.4371083), (34.0291268, -84.4367773), (34.024477, -84.4319493)]"
12320,D,2026-03-04T14:33:42,2026-03-04T15:11:29,34.0244854,-84.432004,33.7740061,-84.3888643,21.1679,driving,"[(34.0244854, -84.432004), (34.0270001, -84.4370891), (34.0185028, -84.4549266), (34.0124633, -84.4600715), (34.0070231, -84.47337), (33.982714, -84.4788327), (33.9430557, -84.4994461), (33.8695038, -84.4429072), (33.846986, -84.4294746), (33.8087262, -84.4171659), (33.7887297, -84.3923447), (33.7825298, -84.3892219), (33.7740061, -84.3888643)]"
12321,D,2026-03-05T01:25:45,2026-03-05T01:45:39,33.7739026,-84.3881975,33.9684272,-84.4906417,15.7721,driving,"[(33.7739026, -84.3881975), (33.770721, -84.3891073), (33.7761007, -84.3917046), (33.7849725, -84.3899131), (33.8829056, -84.4536277), (33.9430154, -84.4994925), (33.9631302, -84.4943292), (33.9668783, -84.490606)]"
12322,D,2026-03-05T01:59:47,2026-03-05T02:00:45,33.9691994,-84.4895847,33.9738765,-84.4704556,1.1427,driving,"[(33.9691994, -84.4895847), (33.9738765, -84.4704556)]"
12323,D,2026-03-05T04:27:02,2026-03-05T14:52:39,34.0244396,-84.4319654,34.0244444,-84.4320995,0.2409,driving,"[(33.983033, -84.4623461), (33.9863867, -84.4724402), (33.9847899, -84.4758605), (33.986867, -84.4777056), (34.0108783, -84.4725976), (34.0129882, -84.4591903), (34.0266495, -84.4421005), (34.0264469, -84.4383401), (34.0286104, -84.4370712), (34.0264851, -84.4309897), (34.0244396, -84.4319654), (34.0273036, -84.4329924), (34.0243061, -84.4478371), (34.0123226, -84.4610284), (34.0069389, -84.4630124), (33.9852822, -84.4590461), (33.9833333, -84.4621884), (33.9742798, -84.4692445), (33.9767817, -84.4681604), (33.9745682, -84.4759221), (33.9746401, -84.4805947), (33.9716328, -84.487637), (33.9590222, -84.4976126), (33.9376135, -84.5013716), (33.9339682, -84.494169), (33.9217161, -84.4833439), (33.9139782, -84.4817323), (33.8571795, -84.4327849), (33.8025029, -84.4099388), (33.8011091, -84.3973645), (33.7815185, -84.3897329)]"
12324,D,2026-03-05T20:31:23,2026-03-05T21:04:54,33.7741175,-84.3887501,33.9725013,-84.4535882,17.8351,driving,"[(33.7700481, -84.3889332), (33.8473365, -84.4296737), (33.9367191, -84.4954757), (33.9506039, -84.495656), (33.9525491, -84.4783185), (33.9703975, -84.4727392), (33.9673053, -84.4630973)]"
12325,D,2026-03-06T00:03:04,2026-03-06T00:17:59,33.9721101,-84.453837,34.0246483,-84.4318907,4.8331,driving,"[(33.9724479, -84.4503942), (33.9879872, -84.426892), (34.0247823, -84.4370651)]"
12326,D,2026-03-06T15:21:50,2026-03-06T15:59:04,34.0245221,-84.4319437,33.7738601,-84.388308,21.6165,driving,"[(34.0245221, -84.4319437), (34.0270811, -84.432872), (34.0115622, -84.4727098), (33.9834508, -84.4775806), (33.9576583, -84.4966663), (33.9381836, -84.5022553), (33.8052453, -84.4151735), (33.7894335, -84.388798), (33.7757162, -84.3889191), (33.7738601, -84.388308)]"
12327,D,2026-03-06T19:50:11,2026-03-06T20:30:50,33.7744348,-84.3877641,34.0244515,-84.4319628,21.7028,driving,"[(33.7721762, -84.3888196), (33.770345, -84.3880437), (33.7856256, -84.3915696), (33.9046781, -84.4737862), (33.9436169, -84.5006538), (33.9579319, -84.4976327), (33.9803513, -84.4809237), (34.0115665, -84.4732859), (34.0261769, -84.437535)]"
12328,D,2026-03-07T13:04:01,2026-03-07T13:19:09,34.0244733,-84.4320952,33.9890078,-84.4401674,3.6051,driving,"[(34.0276998, -84.4296131), (33.9888386, -84.4415017), (33.9921586, -84.4378936), (33.9890078, -84.4401674)]"
12329,D,2026-03-07T16:42:43,2026-03-07T16:57:45,33.9890379,-84.4401841,34.02449,-84.4321256,3.2967,driving,"[(33.9890379, -84.4401841), (33.9902866, -84.4383862), (33.9890294, -84.4433591), (33.9901087, -84.4383666), (34.0040763, -84.4365178), (34.0194961, -84.4279044)]"
12330,D,2026-03-08T03:23:59,2026-03-08T03:30:51,34.0244396,-84.4320976,34.0373273,-84.4604639,1.9622,driving,"[(34.0244396, -84.4320976), (34.0299616, -84.4365955), (34.037457, -84.4527445)]"
12331,D,2026-03-08T04:00:20,2026-03-08T04:08:52,34.0374924,-84.4606398,34.0244256,-84.4320878,2.1032,driving,"[(34.036802, -84.4582736), (34.037129, -84.4507294), (34.0295645, -84.432451)]"
12332,D,2026-03-08T17:54:24,2026-03-08T18:03:24,34.0244279,-84.4320755,34.0386629,-84.4614872,2.07,driving,"[(34.0267091, -84.4315577), (34.0386629, -84.4614872)]"
12333,D,2026-03-08T19:21:25,2026-03-08T20:30:18,34.0244531,-84.4321485,34.0244651,-84.4320672,0.0152,driving,"[(34.0373748, -84.4515135), (34.0322143, -84.4363891), (34.028641, -84.4354455), (34.0244478, -84.4321438), (34.0253721, -84.4410922), (34.0123545, -84.4611353), (34.0098236, -84.4731039), (33.9768447, -84.483976), (33.9591636, -84.498323), (33.9432155, -84.4950798)]"
12334,D,2026-03-08T20:56:42,2026-03-08T21:02:55,33.9430487,-84.4947512,33.9671994,-84.4888502,1.8212,driving,"[(33.9430487, -84.4947512), (33.952712, -84.497953)]"
12335,D,2026-03-08T21:46:55,2026-03-08T21:53:55,33.9673323,-84.4887897,33.9431383,-84.4951762,2.2746,driving,"[(33.9673323, -84.4887897), (33.9591565, -84.4983241), (33.948337, -84.4980913), (33.9460456, -84.4997197)]"
12336,D,2026-03-08T22:06:34,2026-03-08T22:24:26,33.9430704,-84.4957288,34.0244038,-84.4319815,7.8379,driving,"[(33.9430704, -84.4957288), (33.9508229, -84.4987193), (33.9817406, -84.4810257), (33.9834447, -84.4776443), (33.9896443, -84.4781465), (34.0124717, -84.4696405), (34.0281126, -84.4341455), (34.0244038, -84.4319815)]"
12337,D,2026-03-08T22:30:01,2026-03-08T22:46:58,34.0242473,-84.4317936,34.0367374,-84.5451694,7.1306,driving,"[(34.0287219, -84.4355508), (34.0322273, -84.4363951), (34.0414262, -84.4770755), (34.0434877, -84.4911269), (34.0330227, -84.524105)]"
12338,D,2026-03-09T02:22:22,2026-03-09T02:28:50,34.0365402,-84.5452715,34.0388923,-84.5307269,0.8485,driving,"[(34.0365402, -84.5452715), (34.0388923, -84.5307269)]"
12339,D,2026-03-09T02:48:03,2026-03-09T02:52:55,34.0391453,-84.530359,34.0359149,-84.5451697,0.8769,driving,"[(34.0391453, -84.530359), (34.0359149, -84.5451697)]"
12340,D,2026-03-09T03:10:11,2026-03-09T03:24:01,34.0367853,-84.5450471,34.0246121,-84.4319994,7.0094,driving,"[(34.0319419, -84.5281416), (34.0406625, -84.5011032), (34.0381215, -84.4515042), (34.0246121, -84.4319994)]"
12341,D,2026-03-09T14:19:26,2026-03-09T14:57:26,34.0245541,-84.4320231,33.7751201,-84.387635,20.9047,driving,"[(34.0264831, -84.4408327), (34.006153, -84.4738419), (33.9633908, -84.4939389), (33.9466093, -84.4989911), (33.9356505, -84.4958345), (33.8168333, -84.4228177), (33.7865578, -84.3907127), (33.7751201, -84.387635)]"
12342,D,2026-03-09T19:59:50,2026-03-09T20:27:24,33.7741824,-84.3883781,33.918414,-84.3494156,11.7792,driving,"[(33.7741824, -84.3883781), (33.7713697, -84.3887912), (33.8008191, -84.390853), (33.8124576, -84.3677406), (33.8434339, -84.3616958), (33.8584934, -84.3703958), (33.8929942, -84.3654056), (33.9052236, -84.3522544), (33.9167433, -84.3513328), (33.918414, -84.3494156)]"
12343,D,2026-03-09T22:19:38,2026-03-09T22:48:36,33.9185303,-84.3491835,33.9733911,-84.4701677,10.2133,driving,"[(33.9185303, -84.3491835), (33.9178898, -84.3613305), (33.9191823, -84.3787148), (33.9184444, -84.381554), (33.9260027, -84.3827516), (33.9355397, -84.3907187), (33.9475997, -84.4097134), (33.9775175, -84.4169176), (33.9833654, -84.4271124), (33.9779883, -84.4383116), (33.9769252, -84.4680751)]"
12344,D,2026-03-10T04:31:55,2026-03-10T04:46:31,33.9734568,-84.4703512,34.0244671,-84.4320606,5.1679,driving,"[(33.9734568, -84.4703512), (33.9792325, -84.4615408), (34.0123405, -84.4611785), (34.0237352, -84.449692), (34.0275883, -84.4331385)]"
12345,D,2026-03-10T14:23:52,2026-03-10T15:01:06,34.0245124,-84.4319543,33.7749601,-84.3887984,21.1309,driving,"[(34.0245124, -84.4319543), (34.0264605, -84.4308717), (34.0266572, -84.442816), (34.0120273, -84.4676273), (33.9743965, -84.4852898), (33.9591587, -84.4982536), (33.9450292, -84.4992805), (33.8847339, -84.4555107), (33.7873826, -84.3888176), (33.7749601, -84.3887984)]"
12346,D,2026-03-10T19:22:35,2026-03-10T19:47:33,33.7750757,-84.3885639,33.8826097,-84.469284,10.6665,driving,"[(33.7750757, -84.3885639), (33.776873, -84.3906991), (33.7774593, -84.395636), (33.7769019, -84.3914426), (33.7859585, -84.3904924), (33.79179, -84.3905965), (33.799761, -84.3967288), (33.8031254, -84.4079905), (33.8878801, -84.4585868), (33.8861315, -84.4682443), (33.8848613, -84.4703505)]"
12347,D,2026-03-10T19:53:44,2026-03-10T22:00:26,34.0244468,-84.4321506,34.02468,-84.4319239,0.0975,driving,"[(33.882493, -84.4689697), (33.904715, -84.4738122), (33.9436051, -84.5008137), (33.9504943, -84.4988071), (33.9612259, -84.4953328), (33.9733955, -84.4862265), (34.0077863, -84.4730826), (34.0108715, -84.47254), (34.0122592, -84.4612222), (34.0257738, -84.4455926), (34.0269863, -84.4325836), (34.0244468, -84.4321506), (34.0240735, -84.449013), (34.0206118, -84.4539246), (34.0140658, -84.4579478), (34.0124413, -84.4623698), (33.9935138, -84.4617807), (33.9857035, -84.4698309), (33.9872017, -84.4724062), (33.9791549, -84.4614806), (33.9758853, -84.4620929), (33.9723395, -84.4507695), (33.972131, -84.453821), (33.9678463, -84.4586476), (33.9675799, -84.4622976), (33.9784209, -84.4608765)]"
12348,D,2026-03-10T22:16:38,2026-03-10T22:19:19,33.9791836,-84.4615462,33.9734807,-84.4702565,0.6739,driving,"[(33.9791836, -84.4615462), (33.9768934, -84.4681096), (33.9734807, -84.4702565)]"
12349,D,2026-03-11T01:02:58,2026-03-11T01:21:30,33.973864,-84.4701534,34.0244591,-84.4318557,5.6074,driving,"[(33.973864, -84.4701534), (33.9856318, -84.4652882), (33.9867606, -84.4725144), (33.9997167, -84.4739781), (34.0258271, -84.4454992), (34.0264303, -84.4307549)]"
12350,D,2026-03-11T14:17:42,2026-03-11T14:55:41,34.0245393,-84.4318102,33.7739413,-84.3884553,21.0687,driving,"[(34.0245393, -84.4318102), (34.0268439, -84.4370224), (34.0053625, -84.4736348), (33.9612489, -84.4954726), (33.9374822, -84.4982963), (33.869686, -84.4428006), (33.8257261, -84.423941), (33.7970186, -84.3929079), (33.777382, -84.3887611)]"
12351,D,2026-03-11T19:43:10,2026-03-11T20:26:00,33.77456,-84.3876252,34.0244386,-84.4319873,21.7403,driving,"[(33.7925781, -84.3932925), (33.8232021, -84.4242889), (33.851234, -84.4302848), (33.9091154, -84.478959), (33.9194414, -84.4819314), (33.9359871, -84.4963656), (33.9608401, -84.4776963), (33.9687345, -84.4805359), (33.9956386, -84.434156), (34.0187129, -84.4286456), (34.0285281, -84.4368731), (34.0244386, -84.4319873)]"
12352,D,2026-03-11T23:47:12,2026-03-11T23:55:28,34.0246847,-84.4319222,34.039012,-84.4615633,2.2293,driving,"[(34.0263196, -84.4309939), (34.0298817, -84.4362411), (34.0336284, -84.4437416), (34.036035, -84.4463295), (34.039012, -84.4615633)]"
12353,D,2026-03-12T01:16:29,2026-03-12T01:26:38,34.0391235,-84.4621678,34.0238088,-84.4231306,2.6131,driving,"[(34.0373799, -84.4601171), (34.03747, -84.4487471), (34.0341115, -84.4443775)]"
12354,D,2026-03-12T01:43:05,2026-03-12T01:51:26,34.0234838,-84.4229347,34.0244554,-84.4320246,1.1084,driving,"[(34.0266073, -84.4242927), (34.028379, -84.4342033), (34.0244554, -84.4320246)]"
12355,D,2026-03-12T14:13:10,2026-03-12T15:00:10,34.0244077,-84.4319457,33.7749494,-84.385336,21.452,driving,"[(34.0264149, -84.4308896), (34.0255634, -84.4463005), (34.0140387, -84.4579669), (34.0076533, -84.4729724), (33.9833935, -84.4777181), (33.9462782, -84.4991358), (33.92177, -84.4842113), (33.8511314, -84.4315963), (33.7887652, -84.3889826), (33.7745967, -84.388637), (33.7749494, -84.385336)]"
12356,D,2026-03-12T19:43:22,2026-03-12T20:42:47,33.7739911,-84.3885359,33.9813484,-84.4305599,19.8035,driving,"[(33.7790346, -84.3906313), (33.7811485, -84.3904076), (33.7853857, -84.3901542), (33.7881156, -84.390453), (33.8585008, -84.43417), (33.8814383, -84.4526314), (33.8771429, -84.4555874), (33.878851, -84.45807), (33.8775443, -84.4606685), (33.8789706, -84.4644497), (33.9026678, -84.4732099), (33.944935, -84.4990798), (33.9613273, -84.4778894), (33.9742571, -84.477703), (33.9813484, -84.4305599)]"
12357,D,2026-03-12T21:30:41,2026-03-12T23:30:02,34.0244686,-84.4321684,34.0226855,-84.4340434,0.3443,driving,"[(33.9807487, -84.4348229), (33.9839483, -84.4266215), (34.019894, -84.4296036), (34.0257627, -84.4313362), (34.0237881, -84.4319427), (34.0227943, -84.4344579), (34.0427073, -84.4822761), (33.9809711, -84.4841894), (33.9681423, -84.4894613)]"
12358,D,2026-03-12T23:36:12,2026-03-12T23:51:49,33.9680555,-84.4895561,34.0228834,-84.434452,4.931,driving,"[(33.9680555, -84.4895561), (34.0228834, -84.434452)]"
12359,D,2026-03-13T02:04:48,2026-03-13T02:12:24,34.0229822,-84.4344448,34.0244363,-84.4321359,0.1661,driving,"[(34.0229822, -84.4344448), (34.0244363, -84.4321359)]"
12360,D,2026-03-13T14:28:11,2026-03-13T15:13:42,34.0243843,-84.4319937,33.7740516,-84.3842136,21.3728,driving,"[(34.0292738, -84.436793), (34.0228982, -84.4506698), (34.0119428, -84.4592212), (34.005208, -84.4736003), (33.9845125, -84.4771337), (33.9633726, -84.4940267), (33.9454811, -84.4981293), (33.8469498, -84.4295092), (33.7867139, -84.3893055), (33.774594, -84.3885499)]"
12361,D,2026-03-13T18:52:28,2026-03-13T19:17:57,33.7749903,-84.3874244,33.9183689,-84.3487225,10.4006,driving,"[(33.7856878, -84.3880415), (33.813923, -84.3653532), (33.9094897, -84.3520724), (33.9159295, -84.3511919)]"
12362,D,2026-03-13T20:15:19,2026-03-13T20:54:31,33.918473,-84.3491468,34.0206426,-84.1371158,16.5734,driving,"[(33.9203761, -84.3464912), (33.9205463, -84.3421362), (33.9187182, -84.338383), (33.9202067, -84.3034343), (33.919001, -84.2938086), (33.9137253, -84.287393), (33.9115629, -84.2868588), (33.918955, -84.2838897), (33.9263222, -84.2755703), (33.9532939, -84.224326), (33.9604315, -84.2096987), (33.9758204, -84.1772968), (33.9809518, -84.1721178), (34.0012981, -84.168779), (34.0064871, -84.1700946), (34.020252, -84.1603074), (34.0225524, -84.1540605), (34.0231263, -84.1415781), (34.0206426, -84.1371158)]"
12363,D,2026-03-13T21:26:57,2026-03-13T21:32:58,34.0212238,-84.1360566,33.9945962,-84.1503706,2.3862,driving,"[(34.0212238, -84.1360566), (34.0187097, -84.1369913), (34.0091996, -84.1318464), (33.9999077, -84.1457265)]"
12364,D,2026-03-13T21:35:43,2026-03-13T21:45:57,33.9936168,-84.1508323,34.0213842,-84.1361887,2.5095,driving,"[(33.9936168, -84.1508323), (34.0014787, -84.1440713), (34.0087712, -84.1313935), (34.0152771, -84.1359276)]"
12365,D,2026-03-14T02:52:18,2026-03-14T03:17:47,34.0213746,-84.1361081,33.9191222,-84.3480984,15.2928,driving,"[(34.0162305, -84.16316), (33.9694249, -84.1922109), (33.9399533, -84.2484317), (33.9171732, -84.2839991)]"
12366,D,2026-03-14T03:20:13,2026-03-14T03:44:00,33.9181408,-84.3491982,34.0246372,-84.4318729,10.672,driving,"[(33.9190201, -84.3544404), (33.9340529, -84.3631758), (33.9371132, -84.3709796), (33.9364383, -84.3789179), (33.9381907, -84.3839568), (33.9342253, -84.3898391), (33.9496183, -84.4107689), (33.9766051, -84.4165292), (33.9958057, -84.4341849), (34.0199617, -84.4297575), (34.0268251, -84.4319985), (34.0246372, -84.4318729)]"
12367,D,2026-03-14T12:09:20,2026-03-14T12:51:21,34.0244094,-84.4319522,34.1157576,-84.7446318,22.3303,driving,"[(34.02635, -84.4308496), (34.0294791, -84.4370653), (34.0313926, -84.4370386), (34.037038, -84.447472), (34.0363195, -84.4626036), (34.0414919, -84.476004), (34.0419176, -84.482761), (34.0450624, -84.4892245), (34.0424465, -84.4920566), (34.0366251, -84.5188665), (34.0333155, -84.5237517), (34.0325614, -84.5298136), (34.0356362, -84.5369524), (34.0340957, -84.5509559), (34.037789, -84.5639274), (34.0343233, -84.5744305), (34.0817031, -84.6290592), (34.0805022, -84.6738473), (34.0885681, -84.7015593), (34.0883349, -84.7167518), (34.0965322, -84.7256792), (34.1083542, -84.7285463), (34.1198016, -84.7428186), (34.1187029, -84.7454947), (34.1167948, -84.7454029), (34.1156132, -84.7431483), (34.1148246, -84.7467832), (34.1133162, -84.7483743)]"
12368,D,2026-03-14T14:27:10,2026-03-14T14:29:32,34.1139585,-84.747852,34.1207137,-84.7448416,0.516,driving,"[(34.1139585, -84.747852), (34.1207137, -84.7448416)]"
12369,D,2026-03-14T14:51:01,2026-03-14T16:15:38,34.1209018,-84.7446616,34.0244402,-84.4321344,19.7424,driving,"[(34.0336317, -84.5784043), (34.0324685, -84.528292), (34.0410967, -84.4768252), (34.0280989, -84.4341559), (34.0244402, -84.4321344), (34.0267429, -84.4316623), (34.028706, -84.4353875), (34.0119972, -84.4325734), (34.0050274, -84.4367125), (33.9858487, -84.4269811), (33.9840202, -84.4268801), (33.9376016, -84.3941121), (33.9372661, -84.3681529), (33.9291522, -84.3590272), (33.9280885, -84.3560962)]"
12370,D,2026-03-14T16:24:31,2026-03-14T17:42:51,33.9186892,-84.3491259,34.3789054,-84.2808768,39.1702,driving,"[(33.9186892, -84.3491259), (33.9190199, -84.3527399), (33.9212836, -84.3572377), (33.9544447, -84.3570998), (34.0444947, -84.3059279), (34.0562337, -84.2813072), (34.07145, -84.2669895), (34.0741547, -84.2662506), (34.0747737, -84.268833), (34.0837931, -84.2733756), (34.0843089, -84.2758543), (34.0829975, -84.279346), (34.0787972, -84.2944937), (34.1146948, -84.2943121), (34.1241488, -84.3015862), (34.1291779, -84.2994319), (34.1365217, -84.2861838), (34.1530467, -84.2852362), (34.1588887, -84.2880816), (34.1633862, -84.2865938), (34.1647075, -84.2790622), (34.1675921, -84.2751478), (34.1806325, -84.2718375), (34.192305, -84.2731371), (34.2056302, -84.2673662), (34.230025, -84.2724149), (34.2397833, -84.2877282), (34.247235, -84.2854811), (34.2642976, -84.2885208), (34.2772704, -84.2987394), (34.2867944, -84.2849244), (34.2891688, -84.2752), (34.3454696, -84.2646052), (34.3529197, -84.2676781), (34.3747973, -84.2845661), (34.3765903, -84.2822544), (34.3902265, -84.2813703)]"
12371,D,2026-03-14T20:31:11,2026-03-14T21:21:24,34.3804963,-84.2820002,34.0643501,-84.2529746,26.0869,driving,"[(34.3791974, -84.2863388), (34.37682, -84.2885345), (34.3735701, -84.2842013), (34.3504568, -84.2661069), (34.3227249, -84.267405), (34.3166162, -84.2709739), (34.3096591, -84.2698227), (34.2892952, -84.2745981), (34.2832342, -84.2920704), (34.277841, -84.2983793), (34.2746354, -84.2980937), (34.2616462, -84.2882131), (34.246112, -84.285427), (34.2393077, -84.2880366), (34.2316032, -84.2757109), (34.2274981, -84.272349), (34.2133934, -84.2714224), (34.2101474, -84.2678568), (34.2037836, -84.2669504), (34.1916136, -84.2741187), (34.1802449, -84.2719749), (34.1659292, -84.275635), (34.1628584, -84.2873869), (34.1428782, -84.2869673), (34.1116267, -84.2768748), (34.1073631, -84.2799329), (34.0997277, -84.2793068), (34.0952841, -84.2850986), (34.0841764, -84.2778588), (34.0836018, -84.2728364), (34.0683852, -84.2680796), (34.0643501, -84.2529746)]"
12372,D,2026-03-14T21:25:26,2026-03-14T21:29:04,34.0655567,-84.2536746,34.069488,-84.268203,0.92,driving,"[(34.0655567, -84.2536746), (34.069488, -84.268203)]"
12373,D,2026-03-14T21:31:54,2026-03-14T21:49:42,34.0696054,-84.2683403,33.9180879,-84.349216,12.6903,driving,"[(34.0696054, -84.2683403), (34.0524888, -84.2959664), (33.9754329, -84.3458658), (33.9181169, -84.3599409)]"
12374,D,2026-03-14T21:52:43,2026-03-14T22:19:29,33.9188806,-84.350182,34.0247184,-84.4318014,10.6772,driving,"[(33.9188806, -84.350182), (33.9199297, -84.3569662), (33.9331381, -84.3571151), (33.9360728, -84.3658501), (33.934212, -84.3898466), (33.9404966, -84.4021318), (33.9786863, -84.4210484), (33.992776, -84.4294948), (34.0162411, -84.4292109), (34.0252439, -84.4368311), (34.0247184, -84.4318014)]"
12375,D,2026-03-14T22:19:29,2026-03-15T01:18:53,34.0247184,-84.4318014,34.0243502,-84.4321851,0.7403,driving,"[(34.0263439, -84.4307661), (34.0265079, -84.4421815), (34.0188536, -84.4550221), (34.0143141, -84.4581251), (34.0123677, -84.4630405), (34.0020332, -84.4637717), (33.9884207, -84.4597278), (33.9821708, -84.4624224)]"
